year,world_rank,institution,country
2003,1,"Harvard University","United States"
2003,2,"Stanford University","United States"
2003,3,"Massachusetts Institute of Technology (MIT)","United States"
2003,4,"University of California-Berkeley","United States"
2003,5,"University of Cambridge","United Kingdom"
2003,6,"Princeton University","United States"
2003,7,"California Institute of Technology","United States"
2003,8,"Columbia University","United States"
2003,9,"University of Chicago","United States"
2003,9,"University of Oxford","United Kingdom"
2003,11,"Yale University","United States"
2003,12,"University of California, Los Angeles","United States"
2003,13,"Cornell University","United States"
2003,14,"University of California, San Diego","United States"
2003,15,"University of Washington","United States"
2003,16,"University of Pennsylvania","United States"
2003,17,"The Johns Hopkins University","United States"
2003,18,"University of California, San Francisco","United States"
2003,19,"Swiss Federal Institute of Technology Zurich","Switzerland"
2003,20,"University College London","United Kingdom"
2003,21,"The University of Tokyo","Japan"
2003,22,"The Imperial College of Science, Technology and Medicine","United Kingdom"
2003,22,"University of Michigan-Ann Arbor","United States"
2003,24,"University of Toronto","Canada"
2003,24,"University of Wisconsin - Madison","United States"
2003,26,"Kyoto University","Japan"
2003,27,"New York University","United States"
2003,28,"Northwestern University","United States"
2003,28,"University of Illinois at Urbana-Champaign","United States"
2003,30,"University of Minnesota, Twin Cities","United States"
2003,31,"Duke University","United States"
2003,32,"Washington University in St. Louis","United States"
2003,33,"Rockefeller University","United States"
2003,34,"University of Colorado at Boulder","United States"
2003,35,"Pierre and Marie  Curie University - Paris 6","France"
2003,36,"University of North Carolina at Chapel Hill","United States"
2003,37,"University of British Columbia","Canada"
2003,38,"The University of Manchester","United Kingdom"
2003,39,"The University of Texas at Austin","United States"
2003,39,"University of Copenhagen","Denmark"
2003,41,"University of California, Santa Barbara","United States"
2003,42,"University of Paris Sud (Paris 11)","France"
2003,43,"University of Maryland, College Park","United States"
2003,44,"The University of Melbourne","Australia"
2003,45,"The University of Edinburgh","United Kingdom"
2003,45,"The University of Texas Southwestern Medical Center at Dallas","United States"
2003,47,"Karolinska Institute","Sweden"
2003,47,"University of California, Irvine","United States"
2003,49,"Heidelberg University","Germany"
2003,49,"University of Munich","Germany"
2003,51,"University of Southern California","United States"
2003,52,"Rutgers, The State University of New Jersey - New Brunswick","United States"
2003,53,"Technical University Munich","Germany"
2003,54,"Vanderbilt University","United States"
2003,55,"University of California, Davis","United States"
2003,56,"University of Zurich","Switzerland"
2003,57,"Utrecht University","Netherlands"
2003,58,"Pennsylvania State University - University Park","United States"
2003,59,"King's College London","United Kingdom"
2003,60,"Purdue University - West Lafayette","United States"
2003,60,"Uppsala University","Sweden"
2003,62,"Carnegie Mellon University","United States"
2003,63,"University of Bristol","United Kingdom"
2003,64,"The Ohio State University - Columbus","United States"
2003,65,"University of Pittsburgh-Pittsburgh Campus","United States"
2003,66,"University of Geneva","Switzerland"
2003,67,"Ecole Normale Superieure - Paris","France"
2003,67,"McGill University","Canada"
2003,69,"University of Oslo","Norway"
2003,70,"Ghent University","Belgium"
2003,70,"The Hebrew University of Jerusalem","Israel"
2003,72,"Boston University","United States"
2003,73,"University of Helsinki","Finland"
2003,74,"Aarhus University","Denmark"
2003,74,"Brown University","United States"
2003,74,"The Australian National University","Australia"
2003,77,"Leiden University","Netherlands"
2003,78,"Osaka University","Japan"
2003,78,"Stockholm University","Sweden"
2003,78,"Technion-Israel Institute of Technology","Israel"
2003,78,"University of Florida","United States"
2003,82,"Rice University","United States"
2003,82,"University of Groningen","Netherlands"
2003,84,"Moscow State University","Russia"
2003,85,"The University of Queensland","Australia"
2003,86,"University of Arizona","United States"
2003,87,"University of Utah","United States"
2003,88,"Arizona State University","United States"
2003,88,"The University of Western Australia","Australia"
2003,90,"McMaster University","Canada"
2003,90,"University of Basel","Switzerland"
2003,90,"University of Rochester","United States"
2003,93,"University of California, Santa Cruz","United States"
2003,94,"University of Bonn","Germany"
2003,95,"University of Strasbourg","France"
2003,96,"KU Leuven","Belgium"
2003,96,"Swiss Federal Institute of Technology Lausanne","Switzerland"
2003,96,"Texas A & M University","United States"
2003,99,"Georgia Institute of Technology","United States"
2003,100,"VU University Amsterdam","Netherlands"
2004,1,"Harvard University","United States"
2004,2,"Stanford University","United States"
2004,3,"University of Cambridge","United Kingdom"
2004,4,"University of California, Berkeley","United States"
2004,5,"Massachusetts Institute of Technology (MIT)","United States"
2004,6,"California Institute of Technology","United States"
2004,7,"Princeton University","United States"
2004,8,"University of Oxford","United Kingdom"
2004,9,"Columbia University","United States"
2004,10,"University of Chicago","United States"
2004,11,"Yale University","United States"
2004,12,"Cornell University","United States"
2004,13,"University of California, San Diego","United States"
2004,14,"The University of Tokyo","Japan"
2004,15,"University of Pennsylvania","United States"
2004,16,"University of California, Los Angeles","United States"
2004,17,"University of California, San Francisco","United States"
2004,18,"University of Wisconsin - Madison","United States"
2004,19,"University of Michigan - Ann Arbor","United States"
2004,20,"University of Washington","United States"
2004,21,"Kyoto University","Japan"
2004,22,"The Johns Hopkins University","United States"
2004,23,"The Imperial College of Science","United Kingdom"
2004,24,"University of Toronto","Canada"
2004,25,"University College London","United Kingdom"
2004,25,"University of Illinois at Urbana-Champaign","United States"
2004,27,"Swiss Federal Institute of Technology Zurich","Switzerland"
2004,28,"Washington University in St. Louis","United States"
2004,29,"Rockefeller University","United States"
2004,30,"Northwestern University","United States"
2004,31,"Duke University","United States"
2004,32,"New York University","United States"
2004,33,"University of Minnesota","United States"
2004,34,"University of Colorado at Boulder","United States"
2004,35,"University of California, Santa Barbara","United States"
2004,36,"The University of Texas Southwestern Medical Center at Dallas","United States"
2004,36,"University of British Columbia","Canada"
2004,38,"Vanderbilt University","United States"
2004,39,"Utrecht University","Netherlands"
2004,40,"The University of Texas at Austin","United States"
2004,41,"Pierre and Marie Curie University - Paris 6","France"
2004,42,"University of California, Davis","United States"
2004,43,"Pennsylvania State University - University Park","United States"
2004,44,"Rutgers","United States"
2004,45,"Technical University Munich","Germany"
2004,46,"Karolinska Institute","Sweden"
2004,47,"The University of Edinburgh","United Kingdom"
2004,48,"University of Paris Sud (Paris 11)","France"
2004,48,"University of Pittsburgh","United States"
2004,48,"University of Southern California","United States"
2004,51,"University of Munich","Germany"
2004,52,"University of Rochester","United States"
2004,53,"The Australian National University","Australia"
2004,54,"Osaka University","Japan"
2004,55,"University of California, Irvine","United States"
2004,56,"University of North Carolina at Chapel Hill","United States"
2004,57,"University of Maryland, College Park","United States"
2004,57,"University of Zurich","Switzerland"
2004,59,"University of Copenhagen","Denmark"
2004,60,"University of Bristol","United Kingdom"
2004,61,"McGill University","Canada"
2004,62,"Carnegie Mellon University","United States"
2004,63,"Leiden University","Netherlands"
2004,64,"University of Heidelberg","Germany"
2004,65,"Case Western Reserve University","United States"
2004,66,"Moscow State University","Russia"
2004,67,"University of Florida","United States"
2004,68,"University of Oslo","Norway"
2004,69,"The University of Sheffield","United Kingdom"
2004,69,"Tohoku University","Japan"
2004,71,"Purdue University - West Lafayette","United States"
2004,72,"University of Helsinki","Finland"
2004,73,"The Ohio State University - Columbus","United States"
2004,74,"Uppsala University","Sweden"
2004,75,"Rice University","United States"
2004,76,"University of Arizona","United States"
2004,77,"King's College London","United Kingdom"
2004,78,"The University of Manchester","United Kingdom"
2004,79,"University of Goettingen","Germany"
2004,80,"Michigan State University","United States"
2004,80,"University of Nottingham","United Kingdom"
2004,82,"Brown University","United States"
2004,82,"University of Melbourne","Australia"
2004,82,"University of Strasbourg","France"
2004,85,"Ecole Normale Superieure - Paris","France"
2004,86,"Boston University","United States"
2004,86,"University of Vienna","Austria"
2004,88,"McMaster University","Canada"
2004,88,"University of Freiburg","Germany"
2004,90,"The Hebrew University of Jerusalem","Israel"
2004,91,"University of Basel","Switzerland"
2004,92,"Lund University","Sweden"
2004,93,"University of Birmingham","United Kingdom"
2004,93,"University of Roma - La Sapienza","Italy"
2004,95,"Humboldt University of Berlin","Germany"
2004,95,"University of Utah","United States"
2004,97,"Nagoya University","Japan"
2004,97,"Stockholm University","Sweden"
2004,99,"Tufts University","United States"
2004,99,"University of Bonn","Germany"
2005,1,"Harvard University","United States"
2005,2,"University of Cambridge","United Kingdom"
2005,3,"Stanford University","United States"
2005,4,"University of California, Berkeley","United States"
2005,5,"Massachusetts Institute of Technology (MIT)","United States"
2005,6,"California Institute of Technology","United States"
2005,7,"Columbia University","United States"
2005,8,"Princeton University","United States"
2005,9,"University of Chicago","United States"
2005,10,"University of Oxford","United Kingdom"
2005,11,"Yale University","United States"
2005,12,"Cornell University","United States"
2005,13,"University of California, San Diego","United States"
2005,14,"University of California, Los Angeles","United States"
2005,15,"University of Pennsylvania","United States"
2005,16,"University of Wisconsin - Madison","United States"
2005,17,"University of Washington","United States"
2005,18,"University of California, San Francisco","United States"
2005,19,"The Johns Hopkins University","United States"
2005,20,"The University of Tokyo","Japan"
2005,21,"University of Michigan - Ann Arbor","United States"
2005,22,"Kyoto University","Japan"
2005,23,"The Imperial College of Science","United Kingdom"
2005,24,"University of Toronto","Canada"
2005,25,"University of Illinois at Urbana-Champaign","United States"
2005,26,"University College London","United Kingdom"
2005,27,"Swiss Federal Institute of Technology Zurich","Switzerland"
2005,28,"Washington University in St. Louis","United States"
2005,29,"New York University","United States"
2005,30,"Rockefeller University","United States"
2005,31,"Northwestern University","United States"
2005,32,"Duke University","United States"
2005,32,"University of Minnesota","United States"
2005,34,"University of California, Santa Barbara","United States"
2005,35,"University of Colorado at Boulder","United States"
2005,36,"The University of Texas at Austin","United States"
2005,37,"University of British Columbia","Canada"
2005,38,"The University of Texas Southwestern Medical Center at Dallas","United States"
2005,39,"Pennsylvania State University - University Park","United States"
2005,39,"Vanderbilt University","United States"
2005,41,"University of California, Davis","United States"
2005,41,"Utrecht University","Netherlands"
2005,43,"Rutgers","United States"
2005,43,"University of Pittsburgh","United States"
2005,45,"Karolinska Institute","Sweden"
2005,46,"Pierre and Marie Curie University - Paris 6","France"
2005,47,"The University of Edinburgh","United Kingdom"
2005,47,"University of California, Irvine","United States"
2005,47,"University of Maryland, College Park","United States"
2005,50,"University of Southern California","United States"
2005,51,"University of Munich","Germany"
2005,52,"Technical University Munich","Germany"
2005,53,"The University of Manchester","United Kingdom"
2005,54,"Carnegie Mellon University","United States"
2005,55,"University of North Carolina at Chapel Hill","United States"
2005,56,"The Australian National University","Australia"
2005,57,"University of Copenhagen","Denmark"
2005,57,"University of Florida","United States"
2005,57,"University of Zurich","Switzerland"
2005,60,"Uppsala University","Sweden"
2005,61,"University of Paris Sud (Paris 11)","France"
2005,62,"Osaka University","Japan"
2005,63,"The Ohio State University - Columbus","United States"
2005,64,"University of Bristol","United Kingdom"
2005,65,"The University of Sheffield","United Kingdom"
2005,65,"University of Rochester","United States"
2005,67,"McGill University","Canada"
2005,67,"Moscow State University","Russia"
2005,69,"Case Western Reserve University","United States"
2005,69,"University of Oslo","Norway"
2005,71,"University of Heidelberg","Germany"
2005,72,"Leiden University","Netherlands"
2005,73,"Tohoku University","Japan"
2005,73,"University of Arizona","United States"
2005,75,"Purdue University - West Lafayette","United States"
2005,76,"University of Helsinki","Finland"
2005,77,"Michigan State University","United States"
2005,78,"Rice University","United States"
2005,78,"The Hebrew University of Jerusalem","Israel"
2005,80,"Boston University","United States"
2005,80,"King's College London","United Kingdom"
2005,82,"University of Melbourne","Australia"
2005,83,"University of Nottingham","United Kingdom"
2005,84,"University of Goettingen","Germany"
2005,85,"University of Vienna","Austria"
2005,86,"Brown University","United States"
2005,87,"Indiana University Bloomington","United States"
2005,87,"University of Basel","Switzerland"
2005,89,"Texas A&M University - College Station","United States"
2005,90,"McMaster University","Canada"
2005,90,"University of Freiburg","Germany"
2005,92,"University of Strasbourg","France"
2005,93,"Ecole Normale Superieure - Paris","France"
2005,93,"Stockholm University","Sweden"
2005,93,"Tokyo Institute of Technology","Japan"
2005,93,"University of Utah","United States"
2005,97,"University of Roma - La Sapienza","Italy"
2005,98,"University of Birmingham","United Kingdom"
2005,99,"Lund University","Sweden"
2005,100,"Tufts University","United States"
2006,1,"Harvard University","United States"
2006,2,"University of Cambridge","United Kingdom"
2006,3,"Stanford University","United States"
2006,4,"University of California, Berkeley","United States"
2006,5,"Massachusetts Institute of Technology (MIT)","United States"
2006,6,"California Institute of Technology","United States"
2006,7,"Columbia University","United States"
2006,8,"Princeton University","United States"
2006,8,"University of Chicago","United States"
2006,10,"University of Oxford","United Kingdom"
2006,11,"Yale University","United States"
2006,12,"Cornell University","United States"
2006,13,"University of California, San Diego","United States"
2006,14,"University of California, Los Angeles","United States"
2006,15,"University of Pennsylvania","United States"
2006,16,"University of Wisconsin - Madison","United States"
2006,17,"University of Washington","United States"
2006,18,"University of California, San Francisco","United States"
2006,19,"The University of Tokyo","Japan"
2006,20,"The Johns Hopkins University","United States"
2006,21,"University of Michigan - Ann Arbor","United States"
2006,22,"Kyoto University","Japan"
2006,23,"The Imperial College of Science","United Kingdom"
2006,24,"University of Toronto","Canada"
2006,25,"University of Illinois at Urbana-Champaign","United States"
2006,26,"University College London","United Kingdom"
2006,27,"Swiss Federal Institute of Technology Zurich","Switzerland"
2006,28,"Washington University in St. Louis","United States"
2006,29,"New York University","United States"
2006,30,"Rockefeller University","United States"
2006,31,"Duke University","United States"
2006,32,"University of Minnesota","United States"
2006,33,"Northwestern University","United States"
2006,34,"University of Colorado at Boulder","United States"
2006,35,"University of California, Santa Barbara","United States"
2006,36,"University of British Columbia","Canada"
2006,37,"University of Maryland, College Park","United States"
2006,38,"The University of Texas Southwestern Medical Center at Dallas","United States"
2006,39,"The University of Texas at Austin","United States"
2006,40,"Utrecht University","Netherlands"
2006,41,"Vanderbilt University","United States"
2006,42,"Pennsylvania State University - University Park","United States"
2006,42,"University of California, Davis","United States"
2006,44,"University of California, Irvine","United States"
2006,45,"Pierre and Marie Curie University - Paris 6","France"
2006,46,"Rutgers","United States"
2006,47,"University of Southern California","United States"
2006,48,"Karolinska Institute","Sweden"
2006,48,"University of Pittsburgh","United States"
2006,50,"The University of Manchester","United Kingdom"
2006,51,"University of Munich","Germany"
2006,52,"The University of Edinburgh","United Kingdom"
2006,53,"University of Florida","United States"
2006,54,"Technical University Munich","Germany"
2006,54,"The Australian National University","Australia"
2006,56,"Carnegie Mellon University","United States"
2006,56,"University of Copenhagen","Denmark"
2006,58,"University of Zurich","Switzerland"
2006,59,"University of North Carolina at Chapel Hill","United States"
2006,60,"The Hebrew University of Jerusalem","Israel"
2006,61,"Osaka University","Japan"
2006,62,"McGill University","Canada"
2006,62,"University of Bristol","United Kingdom"
2006,64,"University of Paris Sud (Paris 11)","France"
2006,65,"Uppsala University","Sweden"
2006,66,"The Ohio State University - Columbus","United States"
2006,66,"University of Heidelberg","Germany"
2006,68,"University of Oslo","Norway"
2006,69,"The University of Sheffield","United Kingdom"
2006,70,"Case Western Reserve University","United States"
2006,70,"Moscow State University","Russia"
2006,72,"Leiden University","Netherlands"
2006,73,"Purdue University - West Lafayette","United States"
2006,74,"University of Helsinki","Finland"
2006,74,"University of Rochester","United States"
2006,76,"Tohoku University","Japan"
2006,76,"University of Arizona","United States"
2006,78,"University of Melbourne","Australia"
2006,79,"University of Nottingham","United Kingdom"
2006,80,"Michigan State University","United States"
2006,81,"Boston University","United States"
2006,81,"University of Basel","Switzerland"
2006,83,"King's College London","United Kingdom"
2006,84,"Stockholm University","Sweden"
2006,85,"Brown University","United States"
2006,85,"University of Goettingen","Germany"
2006,87,"Rice University","United States"
2006,88,"Texas A&M University - College Station","United States"
2006,89,"Tokyo Institute of Technology","Japan"
2006,90,"Lund University","Sweden"
2006,90,"McMaster University","Canada"
2006,90,"University of Birmingham","United Kingdom"
2006,93,"University of Freiburg","Germany"
2006,94,"University of Utah","United States"
2006,95,"University of Iowa","United States"
2006,96,"University of Strasbourg","France"
2006,97,"Indiana University Bloomington","United States"
2006,98,"Nagoya University","Japan"
2006,99,"Ecole Normale Superieure - Paris","France"
2006,100,"Arizona State University - Tempe","United States"
2006,100,"University of Roma - La Sapienza","Italy"
2007,1,"Harvard University","United States"
2007,2,"Stanford University","United States"
2007,3,"University of California, Berkeley","United States"
2007,4,"University of Cambridge","United Kingdom"
2007,5,"Massachusetts Institute of Technology (MIT)","United States"
2007,6,"California Institute of Technology","United States"
2007,7,"Columbia University","United States"
2007,8,"Princeton University","United States"
2007,9,"University of Chicago","United States"
2007,10,"University of Oxford","United Kingdom"
2007,11,"Yale University","United States"
2007,12,"Cornell University","United States"
2007,13,"University of California, Los Angeles","United States"
2007,14,"University of California, San Diego","United States"
2007,15,"University of Pennsylvania","United States"
2007,16,"University of Washington","United States"
2007,17,"University of Wisconsin - Madison","United States"
2007,18,"University of California, San Francisco","United States"
2007,19,"The Johns Hopkins University","United States"
2007,20,"The University of Tokyo","Japan"
2007,21,"University of Michigan - Ann Arbor","United States"
2007,22,"Kyoto University","Japan"
2007,23,"The Imperial College of Science","United Kingdom"
2007,23,"University of Toronto","Canada"
2007,25,"University College London","United Kingdom"
2007,26,"University of Illinois at Urbana-Champaign","United States"
2007,27,"Swiss Federal Institute of Technology Zurich","Switzerland"
2007,28,"Washington University in St. Louis","United States"
2007,29,"Northwestern University","United States"
2007,30,"New York University","United States"
2007,30,"Rockefeller University","United States"
2007,32,"Duke University","United States"
2007,33,"University of Minnesota","United States"
2007,34,"University of Colorado at Boulder","United States"
2007,35,"University of California, Santa Barbara","United States"
2007,36,"University of British Columbia","Canada"
2007,37,"University of Maryland, College Park","United States"
2007,38,"The University of Texas at Austin","United States"
2007,39,"Pierre and Marie Curie University - Paris 6","France"
2007,39,"The University of Texas Southwestern Medical Center at Dallas","United States"
2007,41,"Vanderbilt University","United States"
2007,42,"Utrecht University","Netherlands"
2007,43,"Pennsylvania State University - University Park","United States"
2007,43,"University of California, Davis","United States"
2007,45,"University of California, Irvine","United States"
2007,46,"University of Copenhagen","Denmark"
2007,47,"Rutgers","United States"
2007,48,"The University of Manchester","United Kingdom"
2007,49,"University of Pittsburgh","United States"
2007,50,"University of Southern California","United States"
2007,51,"University of Florida","United States"
2007,52,"University of Paris Sud (Paris 11)","France"
2007,53,"Karolinska Institute","Sweden"
2007,53,"The University of Edinburgh","United Kingdom"
2007,53,"University of Munich","Germany"
2007,56,"Technical University Munich","Germany"
2007,57,"The Australian National University","Australia"
2007,58,"University of North Carolina at Chapel Hill","United States"
2007,58,"University of Zurich","Switzerland"
2007,60,"Carnegie Mellon University","United States"
2007,61,"The Ohio State University - Columbus","United States"
2007,62,"University of Bristol","United Kingdom"
2007,63,"McGill University","Canada"
2007,64,"The Hebrew University of Jerusalem","Israel"
2007,65,"University of Heidelberg","Germany"
2007,66,"Uppsala University","Sweden"
2007,67,"Osaka University","Japan"
2007,68,"Purdue University - West Lafayette","United States"
2007,69,"University of Oslo","Norway"
2007,70,"Brown University","United States"
2007,71,"Leiden University","Netherlands"
2007,72,"The University of Sheffield","United Kingdom"
2007,73,"University of Helsinki","Finland"
2007,74,"University of Arizona","United States"
2007,75,"University of Rochester","United States"
2007,76,"Moscow State University","Russia"
2007,76,"Tohoku University","Japan"
2007,78,"Case Western Reserve University","United States"
2007,79,"University of Melbourne","Australia"
2007,80,"Michigan State University","United States"
2007,81,"University of Nottingham","United Kingdom"
2007,82,"University of Basel","Switzerland"
2007,83,"Boston University","United States"
2007,83,"Ecole Normale Superieure - Paris","France"
2007,83,"King's College London","United Kingdom"
2007,86,"Stockholm University","Sweden"
2007,87,"McMaster University","Canada"
2007,87,"Rice University","United States"
2007,87,"University of Goettingen","Germany"
2007,90,"Indiana University Bloomington","United States"
2007,91,"Texas A&M University - College Station","United States"
2007,92,"University of Birmingham","United Kingdom"
2007,93,"University of Utah","United States"
2007,94,"Nagoya University","Japan"
2007,94,"University of Freiburg","Germany"
2007,96,"Arizona State University - Tempe","United States"
2007,97,"Lund University","Sweden"
2007,97,"University of Iowa","United States"
2007,99,"Tokyo Institute of Technology","Japan"
2007,99,"University of Bonn","Germany"
2007,99,"University of Strasbourg","France"
2008,1,"Harvard University","United States"
2008,2,"Stanford University","United States"
2008,3,"University of California, Berkeley","United States"
2008,4,"University of Cambridge","United Kingdom"
2008,5,"Massachusetts Institute of Technology (MIT)","United States"
2008,6,"California Institute of Technology","United States"
2008,7,"Columbia University","United States"
2008,8,"Princeton University","United States"
2008,9,"University of Chicago","United States"
2008,10,"University of Oxford","United Kingdom"
2008,11,"Yale University","United States"
2008,12,"Cornell University","United States"
2008,13,"University of California, Los Angeles","United States"
2008,14,"University of California, San Diego","United States"
2008,15,"University of Pennsylvania","United States"
2008,16,"University of Washington","United States"
2008,17,"University of Wisconsin - Madison","United States"
2008,18,"University of California, San Francisco","United States"
2008,19,"The University of Tokyo","Japan"
2008,20,"The Johns Hopkins University","United States"
2008,21,"University of Michigan - Ann Arbor","United States"
2008,22,"University College London","United Kingdom"
2008,23,"Kyoto University","Japan"
2008,24,"Swiss Federal Institute of Technology Zurich","Switzerland"
2008,24,"University of Toronto","Canada"
2008,26,"University of Illinois at Urbana-Champaign","United States"
2008,27,"The Imperial College of Science, Technology and Medicine","United Kingdom"
2008,28,"University of Minnesota, Twin Cities","United States"
2008,29,"Washington University in St. Louis","United States"
2008,30,"Northwestern University","United States"
2008,31,"New York University","United States"
2008,32,"Duke University","United States"
2008,32,"Rockefeller University","United States"
2008,34,"University of Colorado at Boulder","United States"
2008,35,"University of British Columbia","Canada"
2008,36,"University of California, Santa Barbara","United States"
2008,37,"University of Maryland, College Park","United States"
2008,38,"University of North Carolina at Chapel Hill","United States"
2008,39,"The University of Texas at Austin","United States"
2008,40,"The University of Manchester","United Kingdom"
2008,41,"The University of Texas Southwestern Medical Center at Dallas","United States"
2008,42,"Pennsylvania State University - University Park","United States"
2008,42,"Pierre and Marie Curie University - Paris 6","France"
2008,42,"Vanderbilt University","United States"
2008,45,"University of Copenhagen","Denmark"
2008,46,"University of California, Irvine","United States"
2008,47,"Utrecht University","Netherlands"
2008,48,"University of California, Davis","United States"
2008,49,"University of Paris Sud (Paris 11)","France"
2008,50,"University of Southern California","United States"
2008,51,"Karolinska Institute","Sweden"
2008,52,"University of Pittsburgh","United States"
2008,53,"University of Zurich","Switzerland"
2008,54,"Rutgers, The State University of New Jersey","United States"
2008,55,"The University of Edinburgh","United Kingdom"
2008,55,"University of Munich","Germany"
2008,57,"Technical University Munich","Germany"
2008,58,"University of Florida","United States"
2008,59,"The Australian National University","Australia"
2008,60,"McGill University","Canada"
2008,61,"University of Bristol","United Kingdom"
2008,62,"Carnegie Mellon University","United States"
2008,62,"The Ohio State University - Columbus","United States"
2008,64,"University of Oslo","Norway"
2008,65,"Purdue University - West Lafayette","United States"
2008,65,"The Hebrew University of Jerusalem","Israel"
2008,67,"University of Heidelberg","Germany"
2008,68,"Osaka University","Japan"
2008,68,"University of Helsinki","Finland"
2008,70,"Moscow State University","Russia"
2008,71,"Brown University","United States"
2008,71,"Uppsala University","Sweden"
2008,73,"Ecole Normale Superieure - Paris","France"
2008,73,"University of Melbourne","Australia"
2008,73,"University of Rochester","United States"
2008,76,"Leiden University","Netherlands"
2008,77,"The University of Sheffield","United Kingdom"
2008,77,"University of Arizona","United States"
2008,79,"Tohoku University","Japan"
2008,79,"University of Utah","United States"
2008,81,"King's College London","United Kingdom"
2008,82,"University of Nottingham","United Kingdom"
2008,83,"Boston University","United States"
2008,83,"Case Western Reserve University","United States"
2008,83,"Michigan State University","United States"
2008,86,"Stockholm University","Sweden"
2008,87,"University of Basel","Switzerland"
2008,88,"Texas A&M University - College Station","United States"
2008,89,"McMaster University","Canada"
2008,90,"University of Goettingen","Germany"
2008,91,"University of Birmingham","United Kingdom"
2008,92,"Indiana University Bloomington","United States"
2008,93,"Aarhus University","Denmark"
2008,93,"Arizona State University - Tempe","United States"
2008,95,"University of Virginia","United States"
2008,96,"University of Freiburg","Germany"
2008,97,"Lund University","Sweden"
2008,97,"Rice University","United States"
2008,97,"University of Bonn","Germany"
2008,97,"University of Sydney","Australia"
2009,1,"Harvard University","United States"
2009,2,"Stanford University","United States"
2009,3,"University of California, Berkeley","United States"
2009,4,"University of Cambridge","United Kingdom"
2009,5,"Massachusetts Institute of Technology (MIT)","United States"
2009,6,"California Institute of Technology","United States"
2009,7,"Columbia University","United States"
2009,8,"Princeton University","United States"
2009,9,"University of Chicago","United States"
2009,10,"University of Oxford","United Kingdom"
2009,11,"Yale University","United States"
2009,12,"Cornell University","United States"
2009,13,"University of California, Los Angeles","United States"
2009,14,"University of California, San Diego","United States"
2009,15,"University of Pennsylvania","United States"
2009,16,"University of Washington","United States"
2009,17,"University of Wisconsin - Madison","United States"
2009,18,"University of California, San Francisco","United States"
2009,19,"The Johns Hopkins University","United States"
2009,20,"The University of Tokyo","Japan"
2009,21,"University College London","United Kingdom"
2009,22,"University of Michigan - Ann Arbor","United States"
2009,23,"Swiss Federal Institute of Technology Zurich","Switzerland"
2009,24,"Kyoto University","Japan"
2009,25,"University of Illinois at Urbana-Champaign","United States"
2009,26,"The Imperial College of Science","United Kingdom"
2009,27,"University of Toronto","Canada"
2009,28,"University of Minnesota","United States"
2009,29,"Washington University in St. Louis","United States"
2009,30,"Northwestern University","United States"
2009,31,"Duke University","United States"
2009,32,"New York University","United States"
2009,32,"Rockefeller University","United States"
2009,34,"University of Colorado at Boulder","United States"
2009,35,"University of California, Santa Barbara","United States"
2009,36,"University of British Columbia","Canada"
2009,37,"University of Maryland, College Park","United States"
2009,38,"The University of Texas at Austin","United States"
2009,39,"University of North Carolina at Chapel Hill","United States"
2009,40,"Pierre and Marie Curie University - Paris 6","France"
2009,41,"The University of Manchester","United Kingdom"
2009,41,"Vanderbilt University","United States"
2009,43,"University of Copenhagen","Denmark"
2009,43,"University of Paris Sud (Paris 11)","France"
2009,45,"Pennsylvania State University - University Park","United States"
2009,46,"University of California, Irvine","United States"
2009,46,"University of Southern California","United States"
2009,48,"The University of Texas Southwestern Medical Center at Dallas","United States"
2009,49,"University of California, Davis","United States"
2009,50,"Karolinska Institute","Sweden"
2009,50,"University of Pittsburgh","United States"
2009,52,"Utrecht University","Netherlands"
2009,53,"The University of Edinburgh","United Kingdom"
2009,54,"University of Zurich","Switzerland"
2009,55,"Rutgers","United States"
2009,55,"University of Munich","Germany"
2009,57,"Technical University Munich","Germany"
2009,58,"University of Florida","United States"
2009,59,"Carnegie Mellon University","United States"
2009,59,"The Australian National University","Australia"
2009,61,"University of Bristol","United Kingdom"
2009,62,"The Ohio State University - Columbus","United States"
2009,63,"University of Heidelberg","Germany"
2009,64,"The Hebrew University of Jerusalem","Israel"
2009,65,"King's College London","United Kingdom"
2009,65,"McGill University","Canada"
2009,65,"Purdue University - West Lafayette","United States"
2009,65,"University of Oslo","Norway"
2009,69,"Brown University","United States"
2009,70,"Ecole Normale Superieure - Paris","France"
2009,71,"Osaka University","Japan"
2009,72,"Leiden University","Netherlands"
2009,72,"University of Helsinki","Finland"
2009,74,"Boston University","United States"
2009,75,"University of Melbourne","Australia"
2009,76,"Uppsala University","Sweden"
2009,77,"Moscow State University","Russia"
2009,77,"University of Arizona","United States"
2009,77,"University of Rochester","United States"
2009,80,"University of Utah","United States"
2009,81,"The University of Sheffield","United Kingdom"
2009,82,"Nagoya University","Japan"
2009,83,"University of Nottingham","United Kingdom"
2009,84,"Tohoku University","Japan"
2009,85,"University of Basel","Switzerland"
2009,86,"Michigan State University","United States"
2009,87,"Case Western Reserve University","United States"
2009,88,"Stockholm University","Sweden"
2009,88,"Texas A&M University - College Station","United States"
2009,90,"University of Goettingen","Germany"
2009,91,"McMaster University","Canada"
2009,91,"University of Virginia","United States"
2009,93,"Indiana University Bloomington","United States"
2009,94,"Arizona State University - Tempe","United States"
2009,94,"University of Birmingham","United Kingdom"
2009,94,"University of Sydney","Australia"
2009,97,"Aarhus University","Denmark"
2009,98,"University of Bonn","Germany"
2009,99,"Rice University","United States"
2009,100,"Emory University","United States"
2010,1,"Harvard University","United States"
2010,2,"University of California, Berkeley","United States"
2010,3,"Stanford University","United States"
2010,4,"Massachusetts Institute of Technology (MIT)","United States"
2010,5,"University of Cambridge","United Kingdom"
2010,6,"California Institute of Technology","United States"
2010,7,"Princeton University","United States"
2010,8,"Columbia University","United States"
2010,9,"University of Chicago","United States"
2010,10,"University of Oxford","United Kingdom"
2010,11,"Yale University","United States"
2010,12,"Cornell University","United States"
2010,13,"University of California, Los Angeles","United States"
2010,14,"University of California, San Diego","United States"
2010,15,"University of Pennsylvania","United States"
2010,16,"University of Washington","United States"
2010,17,"University of Wisconsin - Madison","United States"
2010,18,"The Johns Hopkins University","United States"
2010,18,"University of California, San Francisco","United States"
2010,20,"The University of Tokyo","Japan"
2010,21,"University College London","United Kingdom"
2010,22,"University of Michigan - Ann Arbor","United States"
2010,23,"Swiss Federal Institute of Technology Zurich","Switzerland"
2010,24,"Kyoto University","Japan"
2010,25,"University of Illinois at Urbana-Champaign","United States"
2010,26,"The Imperial College of Science","United Kingdom"
2010,27,"University of Toronto","Canada"
2010,28,"University of Minnesota","United States"
2010,29,"Northwestern University","United States"
2010,30,"Washington University in St. Louis","United States"
2010,31,"New York University","United States"
2010,32,"University of California, Santa Barbara","United States"
2010,32,"University of Colorado at Boulder","United States"
2010,34,"Rockefeller University","United States"
2010,35,"Duke University","United States"
2010,36,"University of British Columbia","Canada"
2010,36,"University of Maryland, College Park","United States"
2010,38,"The University of Texas at Austin","United States"
2010,39,"Pierre and Marie Curie University - Paris 6","France"
2010,40,"University of Copenhagen","Denmark"
2010,41,"University of North Carolina at Chapel Hill","United States"
2010,42,"Karolinska Institute","Sweden"
2010,43,"Pennsylvania State University - University Park","United States"
2010,44,"The University of Manchester","United Kingdom"
2010,45,"University of Paris Sud (Paris 11)","France"
2010,46,"University of California, Davis","United States"
2010,46,"University of California, Irvine","United States"
2010,46,"University of Southern California","United States"
2010,49,"The University of Texas Southwestern Medical Center at Dallas","United States"
2010,50,"Utrecht University","Netherlands"
2010,51,"University of Zurich","Switzerland"
2010,52,"University of Munich","Germany"
2010,53,"Vanderbilt University","United States"
2010,54,"Rutgers","United States"
2010,54,"The University of Edinburgh","United Kingdom"
2010,56,"Technical University Munich","Germany"
2010,56,"University of Pittsburgh","United States"
2010,58,"Carnegie Mellon University","United States"
2010,59,"The Australian National University","Australia"
2010,59,"The Ohio State University - Columbus","United States"
2010,61,"McGill University","Canada"
2010,62,"University of Melbourne","Australia"
2010,63,"King's College London","United Kingdom"
2010,63,"University of Heidelberg","Germany"
2010,65,"Brown University","United States"
2010,66,"University of Bristol","United Kingdom"
2010,66,"Uppsala University","Sweden"
2010,68,"University of Florida","United States"
2010,69,"Purdue University - West Lafayette","United States"
2010,70,"Leiden University","Netherlands"
2010,71,"Ecole Normale Superieure - Paris","France"
2010,72,"The Hebrew University of Jerusalem","Israel"
2010,72,"University of Helsinki","Finland"
2010,74,"Moscow State University","Russia"
2010,75,"Osaka University","Japan"
2010,75,"University of Oslo","Norway"
2010,77,"Boston University","United States"
2010,78,"University of Arizona","United States"
2010,79,"Nagoya University","Japan"
2010,79,"Stockholm University","Sweden"
2010,81,"Arizona State University - Tempe","United States"
2010,82,"University of Rochester","United States"
2010,82,"University of Utah","United States"
2010,84,"Tohoku University","Japan"
2010,84,"University of Nottingham","United Kingdom"
2010,86,"Michigan State University","United States"
2010,86,"University of Basel","Switzerland"
2010,88,"McMaster University","Canada"
2010,88,"The University of Sheffield","United Kingdom"
2010,90,"Ghent University","Belgium"
2010,90,"Indiana University Bloomington","United States"
2010,92,"University of Sydney","Australia"
2010,93,"University of Bonn","Germany"
2010,93,"University of Goettingen","Germany"
2010,95,"Texas A&M University - College Station","United States"
2010,96,"University of Virginia","United States"
2010,97,"Case Western Reserve University","United States"
2010,98,"Aarhus University","Denmark"
2010,99,"Rice University","United States"
2010,99,"University of Birmingham","United Kingdom"
2011,1,"Harvard University","United States"
2011,2,"Stanford University","United States"
2011,3,"Massachusetts Institute of Technology (MIT)","United States"
2011,4,"University of California, Berkeley","United States"
2011,5,"University of Cambridge","United Kingdom"
2011,6,"California Institute of Technology","United States"
2011,7,"Princeton University","United States"
2011,8,"Columbia University","United States"
2011,9,"University of Chicago","United States"
2011,10,"University of Oxford","United Kingdom"
2011,11,"Yale University","United States"
2011,12,"University of California, Los Angeles","United States"
2011,13,"Cornell University","United States"
2011,14,"University of Pennsylvania","United States"
2011,15,"University of California, San Diego","United States"
2011,16,"University of Washington","United States"
2011,17,"University of California, San Francisco","United States"
2011,18,"The Johns Hopkins University","United States"
2011,19,"University of Wisconsin - Madison","United States"
2011,20,"University College London","United Kingdom"
2011,21,"The University of Tokyo","Japan"
2011,22,"University of Michigan - Ann Arbor","United States"
2011,23,"Swiss Federal Institute of Technology Zurich","Switzerland"
2011,24,"The Imperial College of Science","United Kingdom"
2011,25,"University of Illinois at Urbana-Champaign","United States"
2011,26,"University of Toronto","Canada"
2011,27,"Kyoto University","Japan"
2011,28,"University of Minnesota","United States"
2011,29,"New York University","United States"
2011,30,"Northwestern University","United States"
2011,31,"Washington University in St. Louis","United States"
2011,32,"University of Colorado at Boulder","United States"
2011,33,"Rockefeller University","United States"
2011,33,"University of California, Santa Barbara","United States"
2011,35,"Duke University","United States"
2011,35,"The University of Texas at Austin","United States"
2011,37,"University of British Columbia","Canada"
2011,38,"The University of Manchester","United Kingdom"
2011,38,"University of Maryland, College Park","United States"
2011,40,"University of Paris Sud (Paris 11)","France"
2011,41,"Pierre and Marie Curie University - Paris 6","France"
2011,42,"University of North Carolina at Chapel Hill","United States"
2011,43,"University of Copenhagen","Denmark"
2011,44,"Karolinska Institute","Sweden"
2011,45,"Pennsylvania State University - University Park","United States"
2011,46,"University of Southern California","United States"
2011,47,"Technical University Munich","Germany"
2011,48,"University of California, Davis","United States"
2011,48,"University of California, Irvine","United States"
2011,48,"Utrecht University","Netherlands"
2011,51,"The University of Texas Southwestern Medical Center at Dallas","United States"
2011,52,"Vanderbilt University","United States"
2011,53,"The University of Edinburgh","United Kingdom"
2011,54,"University of Munich","Germany"
2011,55,"Carnegie Mellon University","United States"
2011,56,"University of Zurich","Switzerland"
2011,57,"The Hebrew University of Jerusalem","Israel"
2011,57,"University of Pittsburgh","United States"
2011,59,"Rutgers","United States"
2011,60,"University of Melbourne","Australia"
2011,61,"Purdue University - West Lafayette","United States"
2011,62,"University of Heidelberg","Germany"
2011,63,"The Ohio State University - Columbus","United States"
2011,64,"McGill University","Canada"
2011,65,"Brown University","United States"
2011,65,"Leiden University","Netherlands"
2011,67,"Uppsala University","Sweden"
2011,68,"King's College London","United Kingdom"
2011,69,"Ecole Normale Superieure - Paris","France"
2011,70,"The Australian National University","Australia"
2011,70,"University of Bristol","United Kingdom"
2011,72,"University of Florida","United States"
2011,73,"University of Geneva","Switzerland"
2011,74,"University of Helsinki","Finland"
2011,75,"University of Oslo","Norway"
2011,76,"Boston University","United States"
2011,77,"Moscow State University","Russia"
2011,78,"Arizona State University - Tempe","United States"
2011,79,"University of Utah","United States"
2011,80,"University of Arizona","United States"
2011,81,"Stockholm University","Sweden"
2011,82,"Indiana University Bloomington","United States"
2011,82,"Osaka University","Japan"
2011,84,"University of Rochester","United States"
2011,85,"University of Nottingham","United Kingdom"
2011,86,"Aarhus University","Denmark"
2011,86,"The University of Queensland","Australia"
2011,86,"University of Goettingen","Germany"
2011,89,"Ghent University","Belgium"
2011,89,"McMaster University","Canada"
2011,89,"University of Basel","Switzerland"
2011,92,"Michigan State University","United States"
2011,93,"Rice University","United States"
2011,94,"Nagoya University","Japan"
2011,94,"University of Bonn","Germany"
2011,96,"University of Sydney","Australia"
2011,97,"Case Western Reserve University","United States"
2011,97,"The University of Sheffield","United Kingdom"
2011,97,"Tohoku University","Japan"
2011,100,"Texas A&M University - College Station","United States"
2011,100,"University of Frankfurt","Germany"
2012,1,"Harvard University","United States"
2012,2,"Stanford University","United States"
2012,3,"Massachusetts Institute of Technology (MIT)","United States"
2012,4,"University of California, Berkeley","United States"
2012,5,"University of Cambridge","United Kingdom"
2012,6,"California Institute of Technology","United States"
2012,7,"Princeton University","United States"
2012,8,"Columbia University","United States"
2012,9,"University of Chicago","United States"
2012,10,"University of Oxford","United Kingdom"
2012,11,"Yale University","United States"
2012,12,"University of California, Los Angeles","United States"
2012,13,"Cornell University","United States"
2012,14,"University of Pennsylvania","United States"
2012,15,"University of California, San Diego","United States"
2012,16,"University of Washington","United States"
2012,17,"The Johns Hopkins University","United States"
2012,18,"University of California, San Francisco","United States"
2012,19,"University of Wisconsin - Madison","United States"
2012,20,"The University of Tokyo","Japan"
2012,21,"University College London","United Kingdom"
2012,22,"University of Michigan - Ann Arbor","United States"
2012,23,"Swiss Federal Institute of Technology Zurich","Switzerland"
2012,24,"The Imperial College of Science","United Kingdom"
2012,25,"University of Illinois at Urbana-Champaign","United States"
2012,26,"Kyoto University","Japan"
2012,27,"New York University","United States"
2012,27,"University of Toronto","Canada"
2012,29,"University of Minnesota","United States"
2012,30,"Northwestern University","United States"
2012,31,"Washington University in St. Louis","United States"
2012,32,"Rockefeller University","United States"
2012,33,"University of Colorado at Boulder","United States"
2012,34,"University of California, Santa Barbara","United States"
2012,35,"The University of Texas at Austin","United States"
2012,36,"Duke University","United States"
2012,37,"University of Paris Sud (Paris 11)","France"
2012,38,"University of Maryland, College Park","United States"
2012,39,"University of British Columbia","Canada"
2012,40,"The University of Manchester","United Kingdom"
2012,41,"University of North Carolina at Chapel Hill","United States"
2012,42,"Karolinska Institute","Sweden"
2012,42,"Pierre and Marie Curie University - Paris 6","France"
2012,44,"University of Copenhagen","Denmark"
2012,45,"University of California, Irvine","United States"
2012,46,"University of Southern California","United States"
2012,47,"University of California, Davis","United States"
2012,48,"The University of Texas Southwestern Medical Center at Dallas","United States"
2012,49,"Pennsylvania State University - University Park","United States"
2012,50,"Vanderbilt University","United States"
2012,51,"Carnegie Mellon University","United States"
2012,51,"The University of Edinburgh","United Kingdom"
2012,53,"Technical University Munich","Germany"
2012,53,"The Hebrew University of Jerusalem","Israel"
2012,53,"Utrecht University","Netherlands"
2012,56,"Purdue University - West Lafayette","United States"
2012,57,"University of Melbourne","Australia"
2012,58,"University of Pittsburgh","United States"
2012,59,"University of Zurich","Switzerland"
2012,60,"University of Munich","Germany"
2012,61,"Rutgers","United States"
2012,62,"University of Heidelberg","Germany"
2012,63,"McGill University","Canada"
2012,64,"The Australian National University","Australia"
2012,65,"Brown University","United States"
2012,65,"The Ohio State University - Columbus","United States"
2012,67,"University of Oslo","Norway"
2012,68,"King's College London","United Kingdom"
2012,69,"University of Geneva","Switzerland"
2012,70,"University of Bristol","United Kingdom"
2012,71,"Boston University","United States"
2012,72,"University of Florida","United States"
2012,73,"Ecole Normale Superieure - Paris","France"
2012,73,"Leiden University","Netherlands"
2012,73,"University of Helsinki","Finland"
2012,73,"Uppsala University","Sweden"
2012,77,"University of Arizona","United States"
2012,78,"Technion-Israel Institute of Technology","Israel"
2012,79,"Arizona State University - Tempe","United States"
2012,80,"Moscow State University","Russia"
2012,81,"Stockholm University","Sweden"
2012,82,"University of Utah","United States"
2012,83,"Osaka University","Japan"
2012,84,"Indiana University Bloomington","United States"
2012,85,"University of Basel","Switzerland"
2012,86,"Aarhus University","Denmark"
2012,86,"University of Nottingham","United Kingdom"
2012,86,"University of Rochester","United States"
2012,89,"Ghent University","Belgium"
2012,90,"The University of Queensland","Australia"
2012,91,"Rice University","United States"
2012,92,"McMaster University","Canada"
2012,93,"Texas A&M University - College Station","United States"
2012,93,"University of Sydney","Australia"
2012,93,"Weizmann Institute of Science","Israel"
2012,96,"Michigan State University","United States"
2012,96,"Nagoya University","Japan"
2012,96,"The University of Western Australia","Australia"
2012,99,"Case Western Reserve University","United States"
2012,99,"University of Freiburg","Germany"
2013,1,"Harvard University","United States"
2013,2,"Stanford University","United States"
2013,3,"University of California, Berkeley","United States"
2013,4,"Massachusetts Institute of Technology (MIT)","United States"
2013,5,"University of Cambridge","United Kingdom"
2013,6,"California Institute of Technology","United States"
2013,7,"Princeton University","United States"
2013,8,"Columbia University","United States"
2013,9,"University of Chicago","United States"
2013,10,"University of Oxford","United Kingdom"
2013,11,"Yale University","United States"
2013,12,"University of California, Los Angeles","United States"
2013,13,"Cornell University","United States"
2013,14,"University of California, San Diego","United States"
2013,15,"University of Pennsylvania","United States"
2013,16,"University of Washington","United States"
2013,17,"The Johns Hopkins University","United States"
2013,18,"University of California, San Francisco","United States"
2013,19,"University of Wisconsin - Madison","United States"
2013,20,"Swiss Federal Institute of Technology Zurich","Switzerland"
2013,21,"The University of Tokyo","Japan"
2013,21,"University College London","United Kingdom"
2013,23,"University of Michigan - Ann Arbor","United States"
2013,24,"The Imperial College of Science, Technology and Medicine","United Kingdom"
2013,25,"University of Illinois at Urbana-Champaign","United States"
2013,26,"Kyoto University","Japan"
2013,27,"New York University","United States"
2013,28,"University of Toronto","Canada"
2013,29,"University of Minnesota, Twin Cities","United States"
2013,30,"Northwestern University","United States"
2013,31,"Duke University","United States"
2013,32,"Washington University in St. Louis","United States"
2013,33,"University of Colorado at Boulder","United States"
2013,34,"Rockefeller University","United States"
2013,35,"University of California, Santa Barbara","United States"
2013,36,"The University of Texas at Austin","United States"
2013,37,"Pierre and Marie  Curie University - Paris 6","France"
2013,38,"University of Maryland, College Park","United States"
2013,39,"University of Paris Sud (Paris 11)","France"
2013,40,"University of British Columbia","Canada"
2013,41,"The University of Manchester","United Kingdom"
2013,42,"University of Copenhagen","Denmark"
2013,43,"University of North Carolina at Chapel Hill","United States"
2013,44,"Karolinska Institute","Sweden"
2013,45,"University of California, Irvine","United States"
2013,46,"The University of Texas Southwestern Medical Center at Dallas","United States"
2013,47,"University of California, Davis","United States"
2013,47,"University of Southern California","United States"
2013,49,"Vanderbilt University","United States"
2013,50,"Technical University Munich","Germany"
2013,51,"The University of Edinburgh","United Kingdom"
2013,52,"Carnegie Mellon University","United States"
2013,52,"Utrecht University","Netherlands"
2013,54,"Pennsylvania State University - University Park","United States"
2013,54,"University of Heidelberg","Germany"
2013,54,"University of Melbourne","Australia"
2013,57,"Purdue University - West Lafayette","United States"
2013,58,"McGill University","Canada"
2013,59,"The Hebrew University of Jerusalem","Israel"
2013,60,"University of Zurich","Switzerland"
2013,61,"Rutgers, The State University of New Jersey - New Brunswick","United States"
2013,61,"University of Munich","Germany"
2013,61,"University of Pittsburgh","United States"
2013,64,"University of Bristol","United Kingdom"
2013,65,"The Ohio State University - Columbus","United States"
2013,66,"The Australian National University","Australia"
2013,67,"Brown University","United States"
2013,67,"King's College London","United Kingdom"
2013,69,"University of Geneva","Switzerland"
2013,69,"University of Oslo","Norway"
2013,71,"Ecole Normale Superieure - Paris","France"
2013,71,"University of Florida","United States"
2013,73,"Uppsala University","Sweden"
2013,74,"Leiden University","Netherlands"
2013,75,"Boston University","United States"
2013,76,"University of Helsinki","Finland"
2013,77,"Technion-Israel Institute of Technology","Israel"
2013,78,"University of Arizona","United States"
2013,79,"Arizona State University - Tempe","United States"
2013,79,"Moscow State University","Russia"
2013,81,"Aarhus University","Denmark"
2013,82,"Stockholm University","Sweden"
2013,83,"University of Basel","Switzerland"
2013,83,"University of Nottingham","United Kingdom"
2013,85,"Ghent University","Belgium"
2013,85,"Indiana University Bloomington","United States"
2013,85,"Osaka University","Japan"
2013,85,"The University of Queensland","Australia"
2013,85,"University of Utah","United States"
2013,90,"University of Rochester","United States"
2013,91,"The University of Western Australia","Australia"
2013,92,"McMaster University","Canada"
2013,92,"Michigan State University","United States"
2013,92,"Rice University","United States"
2013,92,"University of Groningen","Netherlands"
2013,92,"Weizmann Institute of Science","Israel"
2013,97,"University of Strasbourg","France"
2013,97,"University of Sydney","Australia"
2013,99,"Case Western Reserve University","United States"
2013,100,"University of Freiburg","Germany"
2014,1,Harvard University,United States
2014,2,Stanford University,United States
2014,3,Massachusetts Institute of Technology (MIT),United States
2014,4,University of California-Berkeley,United States
2014,5,University of Cambridge,United Kingdom
2014,6,Princeton University,United States
2014,7,California Institute of Technology,United States
2014,8,Columbia University,United States
2014,9,University of Chicago,United States
2014,9,University of Oxford,United Kingdom
2014,11,Yale University,United States
2014,12,"University of California, Los Angeles",United States
2014,13,Cornell University,United States
2014,14,"University of California, San Diego",United States
2014,15,University of Washington,United States
2014,16,University of Pennsylvania,United States
2014,17,The Johns Hopkins University,United States
2014,18,"University of California, San Francisco",United States
2014,19,Swiss Federal Institute of Technology Zurich,Switzerland
2014,20,University College London,United Kingdom
2014,21,The University of Tokyo,Japan
2014,22,"The Imperial College of Science, Technology and Medicine",United Kingdom
2014,22,University of Michigan-Ann Arbor,United States
2014,24,University of Toronto,Canada
2014,24,University of Wisconsin - Madison,United States
2014,26,Kyoto University,Japan
2014,27,New York University,United States
2014,28,Northwestern University,United States
2014,28,University of Illinois at Urbana-Champaign,United States
2014,30,"University of Minnesota, Twin Cities",United States
2014,31,Duke University,United States
2014,32,Washington University in St. Louis,United States
2014,33,Rockefeller University,United States
2014,34,University of Colorado at Boulder,United States
2014,35,Pierre and Marie Curie University - Paris 6,France
2014,36,University of North Carolina at Chapel Hill,United States
2014,37,University of British Columbia,Canada
2014,38,The University of Manchester,United Kingdom
2014,39,The University of Texas at Austin,United States
2014,39,University of Copenhagen,Denmark
2014,41,"University of California, Santa Barbara",United States
2014,42,University of Paris Sud (Paris 11),France
2014,43,"University of Maryland, College Park",United States
2014,44,The University of Melbourne,Australia
2014,45,The University of Edinburgh,United Kingdom
2014,45,The University of Texas Southwestern Medical Center at Dallas,United States
2014,47,Karolinska Institute,Sweden
2014,47,"University of California, Irvine",United States
2014,49,Heidelberg University,Germany
2014,49,University of Munich,Germany
2014,51,University of Southern California,United States
2014,52,"Rutgers, The State University of New Jersey - New Brunswick",United States
2014,53,Technical University Munich,Germany
2014,54,Vanderbilt University,United States
2014,55,"University of California, Davis",United States
2014,56,University of Zurich,Switzerland
2014,57,Utrecht University,Netherlands
2014,58,Pennsylvania State University - University Park,United States
2014,59,King's College London,United Kingdom
2014,60,Purdue University - West Lafayette,United States
2014,60,Uppsala University,Sweden
2014,62,Carnegie Mellon University,United States
2014,63,University of Bristol,United Kingdom
2014,64,The Ohio State University - Columbus,United States
2014,65,University of Pittsburgh-Pittsburgh Campus,United States
2014,66,University of Geneva,Switzerland
2014,67,Ecole Normale Superieure - Paris,France
2014,67,McGill University,Canada
2014,69,University of Oslo,Norway
2014,70,Ghent University,Belgium
2014,70,The Hebrew University of Jerusalem,Israel
2014,72,Boston University,United States
2014,73,University of Helsinki,Finland
2014,74,Aarhus University,Denmark
2014,74,Brown University,United States
2014,74,The Australian National University,Australia
2014,77,Leiden University,Netherlands
2014,78,Osaka University,Japan
2014,78,Stockholm University,Sweden
2014,78,Technion-Israel Institute of Technology,Israel
2014,78,University of Florida,United States
2014,82,Rice University,United States
2014,82,University of Groningen,Netherlands
2014,84,Moscow State University,Russia
2014,85,The University of Queensland,Australia
2014,86,University of Arizona,United States
2014,87,University of Utah,United States
2014,88,Arizona State University,United States
2014,88,The University of Western Australia,Australia
2014,90,McMaster University,Canada
2014,90,University of Basel,Switzerland
2014,90,University of Rochester,United States
2014,93,"University of California, Santa Cruz",United States
2014,94,University of Bonn,Germany
2014,95,University of Strasbourg,France
2014,96,KU Leuven,Belgium
2014,96,Swiss Federal Institute of Technology Lausanne,Switzerland
2014,96,Texas A & M University,United States
2014,99,Georgia Institute of Technology,United States
2014,100,VU University Amsterdam,Netherlands
2015,1,Harvard University,United States
2015,2,Stanford University,United States
2015,3,Massachusetts Institute of Technology (MIT),United States
2015,4,"University of California, Berkeley",United States
2015,5,University of Cambridge,United Kingdom
2015,6,Princeton University,United States
2015,7,California Institute of Technology,United States
2015,8,Columbia University,United States
2015,9,University of Chicago,United States
2015,10,University of Oxford,United Kingdom
2015,11,Yale University,United States
2015,12,"University of California, Los Angeles",United States
2015,13,Cornell University,United States
2015,14,"University of California, San Diego",United States
2015,15,University of Washington,United States
2015,16,Johns Hopkins University,United States
2015,17,University of Pennsylvania,United States
2015,18,University College London,United Kingdom
2015,18,"University of California, San Francisco",United States
2015,20,Swiss Federal Institute of Technology Zurich,Switzerland
2015,21,The University of Tokyo,Japan
2015,22,University of Michigan-Ann Arbor,United States
2015,23,"The Imperial College of Science, Technology and Medicine",United Kingdom
2015,24,University of Wisconsin - Madison,United States
2015,25,University of Toronto,Canada
2015,26,Kyoto University,Japan
2015,27,New York University,United States
2015,27,Northwestern University,United States
2015,29,University of Illinois at Urbana-Champaign,United States
2015,30,"University of Minnesota, Twin Cities",United States
2015,31,Duke University,United States
2015,32,Washington University in St. Louis,United States
2015,33,Rockefeller University,United States
2015,34,University of Colorado at Boulder,United States
2015,35,University of Copenhagen,Denmark
2015,36,Pierre and Marie Curie University - Paris 6,France
2015,37,The University of Texas at Austin,United States
2015,38,"University of California, Santa Barbara",United States
2015,39,University of North Carolina at Chapel Hill,United States
2015,40,University of British Columbia,Canada
2015,41,The University of Manchester,United Kingdom
2015,41,University of Paris-Sud (Paris 11),France
2015,43,"University of Maryland, College Park",United States
2015,44,The University of Melbourne,Australia
2015,44,The University of Texas Southwestern Medical Center at Dallas,United States
2015,46,Heidelberg University,Germany
2015,47,The University of Edinburgh,United Kingdom
2015,48,Karolinska Institute,Sweden
2015,49,University of Southern California,United States
2015,50,"University of California, Irvine",United States
2015,51,Technical University Munich,Germany
2015,52,University of Munich,Germany
2015,53,Vanderbilt University,United States
2015,54,University of Zurich,Switzerland
2015,55,King's College London,United Kingdom
2015,56,Utrecht University,Netherlands
2015,57,"University of California, Davis",United States
2015,58,University of Geneva,Switzerland
2015,58,University of Oslo,Norway
2015,60,Pennsylvania State University - University Park,United States
2015,61,Carnegie Mellon University,United States
2015,61,Purdue University - West Lafayette,United States
2015,61,Uppsala University,Sweden
2015,64,McGill University,Canada
2015,64,"Rutgers, The State University of New Jersey - New Brunswick",United States
2015,66,University of Bristol,United Kingdom
2015,67,The Hebrew University of Jerusalem,Israel
2015,67,The Ohio State University - Columbus,United States
2015,67,University of Helsinki,Finland
2015,70,"University of Pittsburgh, Pittsburgh Campus",United States
2015,71,Ghent University,Belgium
2015,72,Ecole Normale Superieure - Paris,France
2015,73,Aarhus University,Denmark
2015,73,Boston University,United States
2015,75,Brown University,United States
2015,75,University of Groningen,Netherlands
2015,77,Nagoya University,Japan
2015,77,Stockholm University,Sweden
2015,77,Technion-Israel Institute of Technology,Israel
2015,77,The Australian National University,Australia
2015,77,The University of Queensland,Australia
2015,82,Leiden University,Netherlands
2015,83,University of Florida,United States
2015,84,Rice University,United States
2015,85,Osaka University,Japan
2015,86,Moscow State University,Russia
2015,87,The University of Western Australia,Australia
2015,87,University of Basel,Switzerland
2015,87,University of Strasbourg,France
2015,90,KU Leuven,Belgium
2015,90,University of Arizona,United States
2015,92,University of Warwick,United Kingdom
2015,93,Arizona State University,United States
2015,93,"University of California, Santa Cruz",United States
2015,93,University of Utah,United States
2015,96,McMaster University,Canada
2015,97,University of Bonn,Germany
2015,98,VU University Amsterdam,Netherlands
2015,99,Michigan State University,United States
2015,100,Texas A&M University,United States
2016,1,Harvard University,United States
2016,2,Stanford University,United States
2016,3,"University of California, Berkeley",United States
2016,4,University of Cambridge,United Kingdom
2016,5,Massachusetts Institute of Technology (MIT),United States
2016,6,Princeton University,United States
2016,7,University of Oxford,United Kingdom
2016,8,California Institute of Technology,United States
2016,9,Columbia University,United States
2016,10,University of Chicago,United States
2016,11,Yale University,United States
2016,12,"University of California, Los Angeles",United States
2016,13,Cornell University,United States
2016,14,"University of California, San Diego",United States
2016,15,University of Washington,United States
2016,16,Johns Hopkins University,United States
2016,17,University College London,United Kingdom
2016,18,University of Pennsylvania,United States
2016,19,Swiss Federal Institute of Technology Zurich,Switzerland
2016,20,The University of Tokyo,Japan
2016,21,"University of California, San Francisco",United States
2016,22,"The Imperial College of Science, Technology and Medicine",United Kingdom
2016,23,University of Michigan-Ann Arbor,United States
2016,23,Washington University in St. Louis,United States
2016,25,Duke University,United States
2016,26,Northwestern University,United States
2016,27,University of Toronto,Canada
2016,28,University of Wisconsin - Madison,United States
2016,29,New York University,United States
2016,30,University of Copenhagen,Denmark
2016,30,University of Illinois at Urbana-Champaign,United States
2016,32,Kyoto University,Japan
2016,33,"University of Minnesota, Twin Cities",United States
2016,34,University of British Columbia,Canada
2016,35,The University of Manchester,United Kingdom
2016,35,University of North Carolina at Chapel Hill,United States
2016,37,Rockefeller University,United States
2016,38,University of Colorado at Boulder,United States
2016,39,Pierre and Marie Curie University - Paris 6,France
2016,40,The University of Melbourne,Australia
2016,41,The University of Edinburgh,United Kingdom
2016,42,"University of California, Santa Barbara",United States
2016,43,The University of Texas Southwestern Medical Center at Dallas,United States
2016,44,Karolinska Institute,Sweden
2016,44,The University of Texas at Austin,United States
2016,46,University of Paris-Sud (Paris 11),France
2016,47,Heidelberg University,Germany
2016,47,Technical University Munich,Germany
2016,49,University of Southern California,United States
2016,50,King's College London,United Kingdom
2016,51,University of Munich,Germany
2016,52,"University of Maryland, College Park",United States
2016,53,University of Geneva,Switzerland
2016,54,University of Zurich,Switzerland
2016,55,The University of Queensland,Australia
2016,56,University of Helsinki,Finland
2016,57,University of Bristol,United Kingdom
2016,58,Tsinghua University,China
2016,58,"University of California, Irvine",United States
2016,60,Uppsala University,Sweden
2016,60,Vanderbilt University,United States
2016,62,Ghent University,Belgium
2016,63,McGill University,Canada
2016,63,Purdue University - West Lafayette,United States
2016,65,Aarhus University,Denmark
2016,65,Utrecht University,Netherlands
2016,67,University of Oslo,Norway
2016,68,Carnegie Mellon University,United States
2016,69,Technion-Israel Institute of Technology,Israel
2016,70,"University of Pittsburgh, Pittsburgh Campus",United States
2016,71,Peking University,China
2016,72,Nagoya University,Japan
2016,72,Rice University,United States
2016,72,University of Groningen,Netherlands
2016,75,Boston University,United States
2016,75,"University of California, Davis",United States
2016,77,Pennsylvania State University - University Park,United States
2016,77,The Australian National University,Australia
2016,79,Monash University,Australia
2016,79,The Ohio State University - Columbus,United States
2016,81,Stockholm University,Sweden
2016,82,University of Sydney,Australia
2016,83,McMaster University,Canada
2016,83,National University of Singapore,Singapore
2016,83,"University of California, Santa Cruz",United States
2016,86,Mayo Medical School,United States
2016,87,Ecole Normale Superieure - Paris,France
2016,87,Moscow State University,Russia
2016,87,The Hebrew University of Jerusalem,Israel
2016,90,Brown University,United States
2016,90,University of Florida,United States
2016,92,Swiss Federal Institute of Technology Lausanne,Switzerland
2016,93,Georgia Institute of Technology,United States
2016,93,KU Leuven,Belgium
2016,93,Leiden University,Netherlands
2016,96,Osaka University,Japan
2016,96,"Rutgers, The State University of New Jersey - New Brunswick",United States
2016,96,The University of Texas M. D. Anderson Cancer Center,United States
2016,96,The University of Western Australia,Australia
2016,100,University of Utah,United States
2017,1,Harvard University,United States
2017,2,Stanford University,United States
2017,3,University of Cambridge,United Kingdom
2017,4,Massachusetts Institute of Technology (MIT),United States
2017,5,"University of California, Berkeley",United States
2017,6,Princeton University,United States
2017,7,University of Oxford,United Kingdom
2017,8,Columbia University,United States
2017,9,California Institute of Technology,United States
2017,10,University of Chicago,United States
2017,11,Yale University,United States
2017,12,"University of California, Los Angeles",United States
2017,13,University of Washington,United States
2017,14,Cornell University,United States
2017,15,"University of California, San Diego",United States
2017,16,University College London,United Kingdom
2017,17,University of Pennsylvania,United States
2017,18,Johns Hopkins University,United States
2017,19,Swiss Federal Institute of Technology Zurich,Switzerland
2017,20,Washington University in St. Louis,United States
2017,21,"University of California, San Francisco",United States
2017,22,Northwestern University,United States
2017,23,University of Toronto,Canada
2017,24,The University of Tokyo,Japan
2017,24,University of Michigan-Ann Arbor,United States
2017,26,Duke University,United States
2017,27,Imperial College London,United Kingdom
2017,28,University of Wisconsin - Madison,United States
2017,29,New York University,United States
2017,30,University of Copenhagen,Denmark
2017,31,University of British Columbia,Canada
2017,32,The University of Edinburgh,United Kingdom
2017,33,University of North Carolina at Chapel Hill,United States
2017,34,"University of Minnesota, Twin Cities",United States
2017,35,Kyoto University,Japan
2017,36,Rockefeller University,United States
2017,37,University of Illinois at Urbana-Champaign,United States
2017,38,The University of Manchester,United Kingdom
2017,39,The University of Melbourne,Australia
2017,40,Pierre and Marie Curie University - Paris 6,France
2017,41,University of Paris-Sud (Paris 11),France
2017,42,Heidelberg University,Germany
2017,43,University of Colorado at Boulder,United States
2017,44,Karolinska Institute,Sweden
2017,45,"University of California, Santa Barbara",United States
2017,46,King's College London,United Kingdom
2017,47,Utrecht University,Netherlands
2017,48,The University of Texas Southwestern Medical Center at Dallas,United States
2017,48,Tsinghua University,China
2017,50,Technical University Munich,Germany
2017,51,The University of Texas at Austin,United States
2017,52,Vanderbilt University,United States
2017,53,"University of Maryland, College Park",United States
2017,54,University of Southern California,United States
2017,55,The University of Queensland,Australia
2017,56,University of Helsinki,Finland
2017,57,University of Munich,Germany
2017,58,University of Zurich,Switzerland
2017,59,University of Groningen,Netherlands
2017,60,University of Geneva,Switzerland
2017,61,University of Bristol,United Kingdom
2017,62,University of Oslo,Norway
2017,63,Uppsala University,Sweden
2017,64,"University of California, Irvine",United States
2017,65,Aarhus University,Denmark
2017,66,McMaster University,Canada
2017,67,McGill University,Canada
2017,68,"University of Pittsburgh, Pittsburgh Campus",United States
2017,69,Ecole Normale Superieure - Paris,France
2017,69,Ghent University,Belgium
2017,71,Mayo Medical School,United States
2017,71,Peking University,China
2017,73,Erasmus University Rotterdam,Netherlands
2017,74,Rice University,United States
2017,74,Stockholm University,Sweden
2017,76,Swiss Federal Institute of Technology Lausanne,Switzerland
2017,77,Purdue University - West Lafayette,United States
2017,78,Monash University,Australia
2017,79,"Rutgers, The State University of New Jersey - New Brunswick",United States
2017,80,Boston University,United States
2017,80,Carnegie Mellon University,United States
2017,80,The Ohio State University - Columbus,United States
2017,83,University of Sydney,Australia
2017,84,Nagoya University,Japan
2017,85,Georgia Institute of Technology,United States
2017,85,Pennsylvania State University - University Park,United States
2017,85,"University of California, Davis",United States
2017,88,Leiden University,Netherlands
2017,88,University of Florida,United States
2017,90,KU Leuven,Belgium
2017,91,National University of Singapore,Singapore
2017,91,The University of Western Australia,Australia
2017,93,Moscow State University,Russia
2017,93,Technion-Israel Institute of Technology,Israel
2017,95,University of Basel,Switzerland
2017,95,University of Goettingen,Germany
2017,97,The Australian National University,Australia
2017,98,"University of California, Santa Cruz",United States
2017,99,Cardiff University,United Kingdom
2017,99,University of Arizona,United States
2018,1,"Harvard University","United States"
2018,2,"Stanford University","United States"
2018,3,"University of Cambridge","United Kingdom"
2018,4,"Massachusetts Institute of Technology (MIT)","United States"
2018,5,"University of California, Berkeley","United States"
2018,6,"Princeton University","United States"
2018,7,"University of Oxford","United Kingdom"
2018,8,"Columbia University","United States"
2018,9,"California Institute of Technology","United States"
2018,10,"University of Chicago","United States"
2018,11,"University of California, Los Angeles","United States"
2018,12,"Cornell University","United States"
2018,12,"Yale University","United States"
2018,14,"University of Washington","United States"
2018,15,"University of California, San Diego","United States"
2018,16,"University of Pennsylvania","United States"
2018,17,"University College London","United Kingdom"
2018,18,"Johns Hopkins University","United States"
2018,19,"Swiss Federal Institute of Technology Zurich","Switzerland"
2018,20,"Washington University in St. Louis","United States"
2018,21,"University of California, San Francisco","United States"
2018,22,"The University of Tokyo","Japan"
2018,23,"University of Toronto","Canada"
2018,24,"Imperial College London","United Kingdom"
2018,25,"Northwestern University","United States"
2018,26,"Duke University","United States"
2018,27,"University of Michigan-Ann Arbor","United States"
2018,28,"University of Wisconsin - Madison","United States"
2018,29,"University of Copenhagen","Denmark"
2018,30,"Rockefeller University","United States"
2018,30,"University of North Carolina at Chapel Hill","United States"
2018,32,"New York University","United States"
2018,32,"The University of Edinburgh","United Kingdom"
2018,34,"The University of Manchester","United Kingdom"
2018,35,"Kyoto University","Japan"
2018,36,"Sorbonne University","France"
2018,37,"University of Minnesota, Twin Cities","United States"
2018,38,"The University of Melbourne","Australia"
2018,38,"University of Colorado at Boulder","United States"
2018,40,"The University of Texas at Austin","United States"
2018,41,"University of Illinois at Urbana-Champaign","United States"
2018,42,"University of Paris-Sud (Paris 11)","France"
2018,43,"University of British Columbia","Canada"
2018,44,"Karolinska Institute","Sweden"
2018,45,"Tsinghua University","China"
2018,46,"University of California, Santa Barbara","United States"
2018,47,"Heidelberg University","Germany"
2018,48,"Technical University Munich","Germany"
2018,48,"The University of Texas Southwestern Medical Center at Dallas","United States"
2018,50,"Vanderbilt University","United States"
2018,51,"University of Maryland, College Park","United States"
2018,51,"Utrecht University","Netherlands"
2018,53,"University of Munich","Germany"
2018,54,"University of Zurich","Switzerland"
2018,55,"The University of Queensland","Australia"
2018,56,"King's College London","United Kingdom"
2018,57,"Peking University","China"
2018,57,"University of Helsinki","Finland"
2018,59,"University of Geneva","Switzerland"
2018,60,"University of Southern California","United States"
2018,61,"Ghent University","Belgium"
2018,62,"University of Oslo","Norway"
2018,63,"Uppsala University","Sweden"
2018,64,"Ecole Normale Superieure - Paris","France"
2018,65,"Aarhus University","Denmark"
2018,66,"University of Groningen","Netherlands"
2018,67,"Zhejiang University","China"
2018,68,"University of Sydney","Australia"
2018,69,"The Australian National University","Australia"
2018,70,"Boston University","United States"
2018,70,"McGill University","Canada"
2018,70,"Purdue University - West Lafayette","United States"
2018,70,"Rice University","United States"
2018,74,"Leiden University","Netherlands"
2018,74,"Pennsylvania State University - University Park","United States"
2018,74,"University of Bristol","United Kingdom"
2018,77,"Stockholm University","Sweden"
2018,77,"Technion-Israel Institute of Technology","Israel"
2018,79,"Erasmus University Rotterdam","Netherlands"
2018,79,"Georgia Institute of Technology","United States"
2018,81,"Mayo Medical School","United States"
2018,81,"Swiss Federal Institute of Technology Lausanne","Switzerland"
2018,83,"Nagoya University","Japan"
2018,83,"University of California, Irvine","United States"
2018,85,"National University of Singapore","Singapore"
2018,86,"KU Leuven","Belgium"
2018,86,"McMaster University","Canada"
2018,86,"Moscow State University","Russia"
2018,86,"University of Florida","United States"
2018,90,"University of Pittsburgh, Pittsburgh Campus","United States"
2018,91,"Carnegie Mellon University","United States"
2018,91,"Monash University","Australia"
2018,93,"The University of Western Australia","Australia"
2018,94,"The Ohio State University - Columbus","United States"
2018,95,"The Hebrew University of Jerusalem","Israel"
2018,96,"Nanyang Technological University","Singapore"
2018,96,"University of Basel","Switzerland"
2018,96,"University of California, Davis","United States"
2018,99,"University of Goettingen","Germany"
2018,100,"The University of Texas M. D. Anderson Cancer Center","United States"
2019,1,"Harvard University","United States"
2019,2,"Stanford University","United States"
2019,3,"University of Cambridge","United Kingdom"
2019,4,"Massachusetts Institute of Technology (MIT)","United States"
2019,5,"University of California, Berkeley","United States"
2019,6,"Princeton University","United States"
2019,7,"University of Oxford","United Kingdom"
2019,8,"Columbia University","United States"
2019,9,"California Institute of Technology","United States"
2019,10,"University of Chicago","United States"
2019,11,"University of California, Los Angeles","United States"
2019,11,"Yale University","United States"
2019,13,"Cornell University","United States"
2019,14,"University of Washington","United States"
2019,15,"University College London","United Kingdom"
2019,16,"Johns Hopkins University","United States"
2019,17,"University of Pennsylvania","United States"
2019,18,"University of California, San Diego","United States"
2019,19,"Swiss Federal Institute of Technology Zurich","Switzerland"
2019,20,"University of California, San Francisco","United States"
2019,20,"University of Michigan-Ann Arbor","United States"
2019,22,"Washington University in St. Louis","United States"
2019,23,"Imperial College London","United Kingdom"
2019,24,"University of Toronto","Canada"
2019,25,"The University of Tokyo","Japan"
2019,26,"University of Copenhagen","Denmark"
2019,27,"University of Wisconsin - Madison","United States"
2019,28,"Duke University","United States"
2019,29,"Northwestern University","United States"
2019,30,"New York University","United States"
2019,31,"The University of Edinburgh","United Kingdom"
2019,32,"Kyoto University","Japan"
2019,33,"The University of Manchester","United Kingdom"
2019,33,"University of North Carolina at Chapel Hill","United States"
2019,35,"Rockefeller University","United States"
2019,35,"University of British Columbia","Canada"
2019,37,"University of Paris-Sud (Paris 11)","France"
2019,38,"Karolinska Institute","Sweden"
2019,38,"University of Colorado at Boulder","United States"
2019,38,"University of Illinois at Urbana-Champaign","United States"
2019,41,"The University of Melbourne","Australia"
2019,41,"University of Minnesota, Twin Cities","United States"
2019,43,"Tsinghua University","China"
2019,44,"Sorbonne University","France"
2019,45,"The University of Texas at Austin","United States"
2019,46,"University of Maryland, College Park","United States"
2019,47,"Heidelberg University","Germany"
2019,48,"University of California, Santa Barbara","United States"
2019,49,"The University of Texas Southwestern Medical Center at Dallas","United States"
2019,49,"Utrecht University","Netherlands"
2019,51,"King's College London","United Kingdom"
2019,52,"University of Munich","Germany"
2019,53,"Peking University","China"
2019,54,"The University of Queensland","Australia"
2019,55,"University of Southern California","United States"
2019,55,"Vanderbilt University","United States"
2019,57,"Technical University Munich","Germany"
2019,58,"University of Geneva","Switzerland"
2019,59,"University of Oslo","Norway"
2019,60,"Aarhus University","Denmark"
2019,61,"University of Zurich","Switzerland"
2019,62,"Uppsala University","Sweden"
2019,63,"University of Helsinki","Finland"
2019,64,"University of Bristol","United Kingdom"
2019,65,"University of Groningen","Netherlands"
2019,66,"Ghent University","Belgium"
2019,67,"National University of Singapore","Singapore"
2019,68,"Erasmus University Rotterdam","Netherlands"
2019,68,"The University of Texas M. D. Anderson Cancer Center","United States"
2019,70,"University of Bonn","Germany"
2019,70,"Zhejiang University","China"
2019,72,"Purdue University - West Lafayette","United States"
2019,73,"Monash University","Australia"
2019,73,"Nanyang Technological University","Singapore"
2019,73,"Stockholm University","Sweden"
2019,76,"Boston University","United States"
2019,76,"The Australian National University","Australia"
2019,78,"Swiss Federal Institute of Technology Lausanne","Switzerland"
2019,79,"Ecole Normale Superieure - Paris","France"
2019,80,"University of California, Irvine","United States"
2019,80,"University of Sydney","Australia"
2019,82,"Leiden University","Netherlands"
2019,82,"Shanghai Jiao Tong University","China"
2019,84,"Brown University","United States"
2019,85,"KU Leuven","Belgium"
2019,85,"Technion-Israel Institute of Technology","Israel"
2019,87,"Moscow State University","Russia"
2019,87,"University of Basel","Switzerland"
2019,89,"University of Pittsburgh, Pittsburgh Campus","United States"
2019,90,"McGill University","Canada"
2019,90,"McMaster University","Canada"
2019,90,"Nagoya University","Japan"
2019,90,"University of California, Davis","United States"
2019,94,"The University of New South Wales","Australia"
2019,95,"Carnegie Mellon University","United States"
2019,95,"Rice University","United States"
2019,95,"University of Florida","United States"
2019,98,"Pennsylvania State University - University Park","United States"
2019,99,"The University of Western Australia","Australia"
2019,100,"The Ohio State University - Columbus","United States"
2020,1,"Harvard University","United States"
2020,2,"Stanford University","United States"
2020,3,"University of Cambridge","United Kingdom"
2020,4,"Massachusetts Institute of Technology (MIT)","United States"
2020,5,"University of California, Berkeley","United States"
2020,6,"Princeton University","United States"
2020,7,"Columbia University","United States"
2020,8,"California Institute of Technology","United States"
2020,9,"University of Oxford","United Kingdom"
2020,10,"University of Chicago","United States"
2020,11,"Yale University","United States"
2020,12,"Cornell University","United States"
2020,13,"University of California, Los Angeles","United States"
2020,14,"Paris-Saclay University","France"
2020,15,"Johns Hopkins University","United States"
2020,16,"University College London","United Kingdom"
2020,16,"University of Washington","United States"
2020,18,"University of California, San Diego","United States"
2020,19,"University of Pennsylvania","United States"
2020,20,"ETH Zurich","Switzerland"
2020,21,"University of California, San Francisco","United States"
2020,22,"University of Michigan-Ann Arbor","United States"
2020,23,"University of Toronto","Canada"
2020,23,"Washington University in St. Louis","United States"
2020,25,"Imperial College London","United Kingdom"
2020,26,"The University of Tokyo","Japan"
2020,27,"Duke University","United States"
2020,27,"New York University","United States"
2020,29,"Tsinghua University","China"
2020,30,"Northwestern University","United States"
2020,30,"University of North Carolina at Chapel Hill","United States"
2020,32,"University of Wisconsin - Madison","United States"
2020,33,"University of Copenhagen","Denmark"
2020,34,"Kyoto University","Japan"
2020,35,"The University of Melbourne","Australia"
2020,36,"PSL University","France"
2020,36,"The University of Manchester","United Kingdom"
2020,38,"University of British Columbia","Canada"
2020,39,"Sorbonne University","France"
2020,40,"University of Minnesota, Twin Cities","United States"
2020,41,"The University of Texas at Austin","United States"
2020,42,"The University of Edinburgh","United Kingdom"
2020,43,"Rockefeller University","United States"
2020,44,"University of Colorado at Boulder","United States"
2020,45,"Karolinska Institute","Sweden"
2020,45,"University of Illinois at Urbana-Champaign","United States"
2020,47,"King's College London","United Kingdom"
2020,48,"The University of Texas Southwestern Medical Center at Dallas","United States"
2020,49,"Peking University","China"
2020,49,"University of California, Santa Barbara","United States"
2020,51,"University of Munich","Germany"
2020,52,"Utrecht University","Netherlands"
2020,53,"University of Maryland, College Park","United States"
2020,54,"Technical University of Munich","Germany"
2020,54,"The University of Queensland","Australia"
2020,56,"University of Zurich","Switzerland"
2020,57,"Heidelberg University","Germany"
2020,58,"Zhejiang University","China"
2020,59,"University of Geneva","Switzerland"
2020,60,"University of Oslo","Norway"
2020,61,"University of Southern California","United States"
2020,62,"Vanderbilt University","United States"
2020,63,"Shanghai Jiao Tong University","China"
2020,64,"University of Bristol","United Kingdom"
2020,65,"University of Paris","France"
2020,66,"Ghent University","Belgium"
2020,67,"The Australian National University","Australia"
2020,67,"The University of Texas M. D. Anderson Cancer Center","United States"
2020,69,"Aarhus University","Denmark"
2020,69,"Stockholm University","Sweden"
2020,69,"University of California, Irvine","United States"
2020,69,"University of Groningen","Netherlands"
2020,73,"University of Science and Technology of China","China"
2020,74,"The University of New South Wales","Australia"
2020,74,"University of Helsinki","Finland"
2020,74,"University of Sydney","Australia"
2020,77,"Uppsala University","Sweden"
2020,78,"McGill University","Canada"
2020,79,"Purdue University - West Lafayette","United States"
2020,80,"Erasmus University Rotterdam","Netherlands"
2020,80,"Leiden University","Netherlands"
2020,80,"National University of Singapore","Singapore"
2020,83,"Nagoya University","Japan"
2020,83,"Swiss Federal Institute of Technology Lausanne","Switzerland"
2020,85,"Monash University","Australia"
2020,85,"The University of Western Australia","Australia"
2020,87,"University of Bonn","Germany"
2020,88,"University of Basel","Switzerland"
2020,88,"University of Florida","United States"
2020,90,"Boston University","United States"
2020,91,"Nanyang Technological University","Singapore"
2020,91,"University of California, Davis","United States"
2020,93,"Moscow State University","Russia"
2020,93,"Weizmann Institute of Science","Israel"
2020,95,"Carnegie Mellon University","United States"
2020,96,"University of Pittsburgh","United States"
2020,97,"KU Leuven","Belgium"
2020,98,"McMaster University","Canada"
2020,99,"Université Grenoble Alpes","France"
2020,100,"Fudan University","China"
2021,1,"Harvard University","United States"
2021,2,"Stanford University","United States"
2021,3,"University of Cambridge","United Kingdom"
2021,4,"Massachusetts Institute of Technology (MIT)","United States"
2021,5,"University of California, Berkeley","United States"
2021,6,"Princeton University","United States"
2021,7,"University of Oxford","United Kingdom"
2021,8,"Columbia University","United States"
2021,9,"California Institute of Technology","United States"
2021,10,"University of Chicago","United States"
2021,11,"Yale University","United States"
2021,12,"Cornell University","United States"
2021,13,"Paris-Saclay University","France"
2021,14,"University of California, Los Angeles","United States"
2021,15,"University of Pennsylvania","United States"
2021,16,"Johns Hopkins University","United States"
2021,17,"University College London","United Kingdom"
2021,18,"University of California, San Diego","United States"
2021,19,"University of Washington","United States"
2021,20,"University of California, San Francisco","United States"
2021,21,"ETH Zurich","Switzerland"
2021,22,"University of Toronto","Canada"
2021,23,"Washington University in St. Louis","United States"
2021,24,"The University of Tokyo","Japan"
2021,25,"Imperial College London","United Kingdom"
2021,26,"University of Michigan - Ann Arbor","United States"
2021,27,"New York University","United States"
2021,28,"Tsinghua University","China"
2021,29,"University of North Carolina at Chapel Hill","United States"
2021,30,"University of Copenhagen","Denmark"
2021,31,"University of Wisconsin - Madison","United States"
2021,32,"Duke University","United States"
2021,33,"The University of Melbourne","Australia"
2021,34,"Northwestern University","United States"
2021,35,"Sorbonne University","France"
2021,35,"The University of Manchester","United Kingdom"
2021,37,"Kyoto University","Japan"
2021,38,"PSL University","France"
2021,38,"The University of Edinburgh","United Kingdom"
2021,40,"University of Minnesota, Twin Cities","United States"
2021,41,"The University of Texas at Austin","United States"
2021,42,"Karolinska Institute","Sweden"
2021,42,"Rockefeller University","United States"
2021,42,"University of British Columbia","Canada"
2021,45,"Peking University","China"
2021,46,"University of Colorado at Boulder","United States"
2021,47,"King's College London","United Kingdom"
2021,48,"The University of Texas Southwestern Medical Center at Dallas","United States"
2021,48,"University of Munich","Germany"
2021,50,"Utrecht University","Netherlands"
2021,51,"The University of Queensland","Australia"
2021,52,"Technical University of Munich","Germany"
2021,52,"Zhejiang University","China"
2021,54,"University of Zurich","Switzerland"
2021,55,"University of Illinois at Urbana-Champaign","United States"
2021,56,"University of Maryland, College Park","United States"
2021,57,"Heidelberg University","Germany"
2021,57,"University of California, Santa Barbara","United States"
2021,59,"Shanghai Jiao Tong University","China"
2021,60,"University of Geneva","Switzerland"
2021,61,"University of Oslo","Norway"
2021,61,"University of Southern California","United States"
2021,63,"University of Science and Technology of China","China"
2021,64,"University of Groningen","Netherlands"
2021,65,"The University of New South Wales","Australia"
2021,65,"Vanderbilt University","United States"
2021,67,"McGill University","Canada"
2021,67,"The University of Texas M. D. Anderson Cancer Center","United States"
2021,69,"University of Sydney","Australia"
2021,70,"University of California, Irvine","United States"
2021,71,"Aarhus University","Denmark"
2021,71,"Ghent University","Belgium"
2021,73,"University of Paris","France"
2021,74,"Stockholm University","Sweden"
2021,75,"National University of Singapore","Singapore"
2021,76,"The Australian National University","Australia"
2021,77,"Fudan University","China"
2021,78,"University of Bristol","United Kingdom"
2021,78,"Uppsala University","Sweden"
2021,80,"Monash University","Australia"
2021,81,"Nanyang Technological University","Singapore"
2021,82,"University of Helsinki","Finland"
2021,83,"Leiden University","Netherlands"
2021,84,"Nagoya University","Japan"
2021,84,"University of Bonn","Germany"
2021,86,"Purdue University - West Lafayette","United States"
2021,87,"KU Leuven","Belgium"
2021,87,"University of Basel","Switzerland"
2021,89,"Sun Yat-sen University","China"
2021,90,"The Hebrew University of Jerusalem","Israel"
2021,91,"Swiss Federal Institute of Technology Lausanne","Switzerland"
2021,92,"McMaster University","Canada"
2021,92,"Weizmann Institute of Science","Israel"
2021,94,"Technion-Israel Institute of Technology","Israel"
2021,95,"Boston University","United States"
2021,96,"The University of Western Australia","Australia"
2021,97,"Carnegie Mellon University","United States"
2021,97,"Moscow State University","Russia"
2021,97,"University of Florida","United States"
2021,100,"University of California, Davis","United States"
2022,1,"Harvard University","United States"
2022,2,"Stanford University","United States"
2022,3,"Massachusetts Institute of Technology (MIT)","United States"
2022,4,"University of Cambridge","United Kingdom"
2022,5,"University of California, Berkeley","United States"
2022,6,"Princeton University","United States"
2022,7,"University of Oxford","United Kingdom"
2022,8,"Columbia University","United States"
2022,9,"California Institute of Technology","United States"
2022,10,"University of Chicago","United States"
2022,11,"Yale University","United States"
2022,12,"Cornell University","United States"
2022,13,"University of California, Los Angeles","United States"
2022,14,"Johns Hopkins University","United States"
2022,15,"University of Pennsylvania","United States"
2022,16,"Paris-Saclay University","France"
2022,17,"University of Washington","United States"
2022,18,"University College London","United Kingdom"
2022,19,"University of California, San Francisco","United States"
2022,20,"ETH Zurich","Switzerland"
2022,21,"University of California, San Diego","United States"
2022,22,"University of Toronto","Canada"
2022,23,"Imperial College London","United Kingdom"
2022,24,"The University of Tokyo","Japan"
2022,25,"New York University","United States"
2022,26,"Tsinghua University","China"
2022,27,"Washington University in St. Louis","United States"
2022,28,"University of Michigan-Ann Arbor","United States"
2022,29,"University of North Carolina at Chapel Hill","United States"
2022,30,"Northwestern University","United States"
2022,31,"Duke University","United States"
2022,32,"The University of Melbourne","Australia"
2022,33,"University of Wisconsin - Madison","United States"
2022,34,"Peking University","China"
2022,35,"The University of Edinburgh","United Kingdom"
2022,36,"Zhejiang University","China"
2022,37,"The University of Texas at Austin","United States"
2022,38,"The University of Manchester","United Kingdom"
2022,39,"University of Copenhagen","Denmark"
2022,40,"PSL University","France"
2022,41,"Karolinska Institute","Sweden"
2022,41,"Kyoto University","Japan"
2022,43,"Sorbonne University","France"
2022,44,"Rockefeller University","United States"
2022,44,"University of British Columbia","Canada"
2022,44,"University of Minnesota, Twin Cities","United States"
2022,47,"The University of Queensland","Australia"
2022,48,"King's College London","United Kingdom"
2022,49,"University of Illinois at Urbana-Champaign","United States"
2022,50,"University of Maryland, College Park","United States"
2022,51,"University of Colorado at Boulder","United States"
2022,52,"The University of Texas Southwestern Medical Center at Dallas","United States"
2022,53,"University of Southern California","United States"
2022,54,"Shanghai Jiao Tong University","China"
2022,54,"Utrecht University","Netherlands"
2022,56,"Technical University of Munich","Germany"
2022,57,"University of California, Santa Barbara","United States"
2022,57,"University of Munich","Germany"
2022,59,"University of Zurich","Switzerland"
2022,60,"University of Sydney","Australia"
2022,61,"University of California, Irvine","United States"
2022,62,"University of Geneva","Switzerland"
2022,62,"University of Science and Technology of China","China"
2022,64,"The University of New South Wales","Australia"
2022,64,"Vanderbilt University","United States"
2022,66,"University of Groningen","Netherlands"
2022,67,"Fudan University","China"
2022,67,"University of Oslo","Norway"
2022,69,"Aarhus University","Denmark"
2022,70,"Heidelberg University","Germany"
2022,71,"National University of Singapore","Singapore"
2022,71,"The University of Texas M. D. Anderson Cancer Center","United States"
2022,73,"McGill University","Canada"
2022,74,"Ghent University","Belgium"
2022,75,"Monash University","Australia"
2022,76,"University of Bonn","Germany"
2022,77,"The Hebrew University of Jerusalem","Israel"
2022,78,"Université Paris Cité","France"
2022,79,"Sun Yat-sen University","China"
2022,79,"The Australian National University","Australia"
2022,81,"University of Bristol","United Kingdom"
2022,82,"University of Pittsburgh","United States"
2022,83,"Purdue University - West Lafayette","United States"
2022,83,"Technion-Israel Institute of Technology","Israel"
2022,83,"University of Basel","Switzerland"
2022,83,"Weizmann Institute of Science","Israel"
2022,87,"Erasmus University Rotterdam","Netherlands"
2022,88,"Nanyang Technological University","Singapore"
2022,89,"Uppsala University","Sweden"
2022,90,"McMaster University","Canada"
2022,90,"Stockholm University","Sweden"
2022,92,"University of Alberta","Canada"
2022,92,"University of Helsinki","Finland"
2022,94,"University of Florida","United States"
2022,95,"KU Leuven","Belgium"
2022,96,"Huazhong University of Science and Technology","China"
2022,96,"The University of Hong Kong","China-Hong Kong"
2022,98,"Seoul National University","South Korea"
2022,99,"Brown University","United States"
2022,99,"The University of Western Australia","Australia"
2023,1,"Harvard University","United States"
2023,2,"Stanford University","United States"
2023,3,"Massachusetts Institute of Technology (MIT)","United States"
2023,4,"University of Cambridge","United Kingdom"
2023,5,"University of California, Berkeley","United States"
2023,6,"Princeton University","United States"
2023,7,"University of Oxford","United Kingdom"
2023,8,"Columbia University","United States"
2023,9,"California Institute of Technology","United States"
2023,10,"University of Chicago","United States"
2023,11,"Yale University","United States"
2023,12,"Cornell University","United States"
2023,13,"University of California, Los Angeles","United States"
2023,14,"University of Pennsylvania","United States"
2023,15,"Paris-Saclay University","France"
2023,16,"Johns Hopkins University","United States"
2023,17,"University College London","United Kingdom"
2023,18,"University of Washington","United States"
2023,19,"University of California, San Diego","United States"
2023,20,"ETH Zurich","Switzerland"
2023,21,"University of California, San Francisco","United States"
2023,22,"Tsinghua University","China"
2023,23,"Imperial College London","United Kingdom"
2023,24,"University of Toronto","Canada"
2023,25,"Washington University in St. Louis","United States"
2023,26,"University of Michigan-Ann Arbor","United States"
2023,27,"The University of Tokyo","Japan"
2023,28,"New York University","United States"
2023,29,"Peking University","China"
2023,30,"Northwestern University","United States"
2023,31,"University of North Carolina at Chapel Hill","United States"
2023,32,"University of Copenhagen","Denmark"
2023,33,"Zhejiang University","China"
2023,34,"Duke University","United States"
2023,35,"The University of Melbourne","Australia"
2023,35,"University of Wisconsin - Madison","United States"
2023,37,"Karolinska Institute","Sweden"
2023,38,"The University of Edinburgh","United Kingdom"
2023,39,"Kyoto University","Japan"
2023,39,"Rockefeller University","United States"
2023,41,"PSL University","France"
2023,41,"The University of Manchester","United Kingdom"
2023,43,"The University of Texas at Austin","United States"
2023,44,"University of British Columbia","Canada"
2023,44,"University of Minnesota, Twin Cities","United States"
2023,46,"Shanghai Jiao Tong University","China"
2023,46,"Sorbonne University","France"
2023,48,"The University of Texas Southwestern Medical Center at Dallas","United States"
2023,49,"University of Geneva","Switzerland"
2023,50,"University of Maryland, College Park","United States"
2023,51,"The University of Queensland","Australia"
2023,52,"University of Illinois at Urbana-Champaign","United States"
2023,52,"Utrecht University","Netherlands"
2023,54,"Swiss Federal Institute of Technology Lausanne","Switzerland"
2023,55,"Heidelberg University","Germany"
2023,56,"Fudan University","China"
2023,57,"University of Colorado at Boulder","United States"
2023,58,"University of Southern California","United States"
2023,59,"King's College London","United Kingdom"
2023,59,"Technical University of Munich","Germany"
2023,59,"University of Munich","Germany"
2023,59,"University of Zurich","Switzerland"
2023,63,"University of California, Santa Barbara","United States"
2023,64,"University of Science and Technology of China","China"
2023,65,"University of California, Irvine","United States"
2023,66,"Vanderbilt University","United States"
2023,67,"University of Bonn","Germany"
2023,68,"Weizmann Institute of Science","Israel"
2023,69,"Université Paris Cité","France"
2023,70,"McGill University","Canada"
2023,71,"National University of Singapore","Singapore"
2023,72,"The University of New South Wales","Australia"
2023,73,"Sun Yat-sen University","China"
2023,73,"University of Oslo","Norway"
2023,73,"University of Sydney","Australia"
2023,76,"University of Groningen","Netherlands"
2023,77,"Monash University","Australia"
2023,78,"Aarhus University","Denmark"
2023,79,"Technion-Israel Institute of Technology","Israel"
2023,80,"The University of Texas M. D. Anderson Cancer Center","United States"
2023,81,"University of Basel","Switzerland"
2023,82,"Uppsala University","Sweden"
2023,83,"University of Pittsburgh","United States"
2023,84,"Ghent University","Belgium"
2023,84,"The Australian National University","Australia"
2023,86,"KU Leuven","Belgium"
2023,86,"The Hebrew University of Jerusalem","Israel"
2023,88,"Erasmus University Rotterdam","Netherlands"
2023,88,"The University of Hong Kong","China-Hong Kong"
2023,88,"University of Bristol","United Kingdom"
2023,91,"Huazhong University of Science and Technology","China"
2023,91,"University of Alberta","Canada"
2023,93,"Nanyang Technological University","Singapore"
2023,94,"Seoul National University","South Korea"
2023,95,"Central South University","China"
2023,96,"Nanjing University","China"
2023,96,"Purdue University - West Lafayette","United States"
2023,98,"Brown University","United States"
2023,98,"McMaster University","Canada"
2023,98,"Stockholm University","Sweden"
2024,1,"Harvard University","United States"
2024,2,"Stanford University","United States"
2024,3,"Massachusetts Institute of Technology (MIT)","United States"
2024,4,"University of Cambridge","United Kingdom"
2024,5,"University of California, Berkeley","United States"
2024,6,"University of Oxford","United Kingdom"
2024,7,"Princeton University","United States"
2024,8,"California Institute of Technology","United States"
2024,8,"Columbia University","United States"
2024,10,"University of Chicago","United States"
2024,11,"Yale University","United States"
2024,12,"Cornell University","United States"
2024,12,"Paris-Saclay University","France"
2024,14,"University of Pennsylvania","United States"
2024,15,"University of California, Los Angeles","United States"
2024,16,"University College London","United Kingdom"
2024,17,"Johns Hopkins University","United States"
2024,18,"University of California, San Diego","United States"
2024,18,"University of Washington","United States"
2024,20,"University of California, San Francisco","United States"
2024,21,"ETH Zurich","Switzerland"
2024,22,"Tsinghua University","China"
2024,23,"Washington University in St. Louis","United States"
2024,24,"Peking University","China"
2024,25,"Imperial College London","United Kingdom"
2024,26,"University of Toronto","Canada"
2024,27,"Zhejiang University","China"
2024,28,"The University of Tokyo","Japan"
2024,29,"Rockefeller University","United States"
2024,30,"University of Michigan-Ann Arbor","United States"
2024,31,"New York University","United States"
2024,32,"University of Copenhagen","Denmark"
2024,33,"Northwestern University","United States"
2024,33,"PSL University","France"
2024,35,"University of North Carolina at Chapel Hill","United States"
2024,36,"University of Wisconsin - Madison","United States"
2024,37,"The University of Melbourne","Australia"
2024,38,"Shanghai Jiao Tong University","China"
2024,39,"Duke University","United States"
2024,40,"The University of Edinburgh","United Kingdom"
2024,41,"Sorbonne University","France"
2024,42,"University of Science and Technology of China","China"
2024,43,"Karolinska Institute","Sweden"
2024,43,"University of Munich","Germany"
2024,45,"Kyoto University","Japan"
2024,45,"The University of Texas at Austin","United States"
2024,47,"Technical University of Munich","Germany"
2024,47,"University of British Columbia","Canada"
2024,47,"University of Minnesota, Twin Cities","United States"
2024,50,"Fudan University","China"
2024,50,"Heidelberg University","Germany"
2024,52,"The University of Manchester","United Kingdom"
2024,53,"King's College London","United Kingdom"
2024,54,"The University of Texas Southwestern Medical Center at Dallas","United States"
2024,55,"Swiss Federal Institute of Technology Lausanne","Switzerland"
2024,55,"University of Illinois at Urbana-Champaign","United States"
2024,55,"Utrecht University","Netherlands"
2024,58,"University of Geneva","Switzerland"
2024,58,"University of Maryland, College Park","United States"
2024,60,"Université Paris Cité","France"
2024,61,"University of Bonn","Germany"
2024,62,"University of Southern California","United States"
2024,63,"The University of Queensland","Australia"
2024,64,"University of California, Santa Barbara","United States"
2024,65,"University of Colorado at Boulder","United States"
2024,66,"Vanderbilt University","United States"
2024,67,"University of Zurich","Switzerland"
2024,68,"National University of Singapore","Singapore"
2024,69,"The University of Hong Kong","China-Hong Kong"
2024,69,"University of Groningen","Netherlands"
2024,69,"Weizmann Institute of Science","Israel"
2024,72,"Sun Yat-sen University","China"
2024,72,"University of Oslo","Norway"
2024,74,"McGill University","Canada"
2024,74,"University of Sydney","Australia"
2024,76,"University of California, Irvine","United States"
2024,77,"The University of New South Wales","Australia"
2024,78,"KU Leuven","Belgium"
2024,79,"Huazhong University of Science and Technology","China"
2024,80,"Aarhus University","Denmark"
2024,81,"The Hebrew University of Jerusalem","Israel"
2024,82,"Monash University","Australia"
2024,82,"Nanjing University","China"
2024,82,"The Ohio State University - Columbus","United States"
2024,85,"Technion-Israel Institute of Technology","Israel"
2024,86,"Seoul National University","South Korea"
2024,86,"The University of Texas M. D. Anderson Cancer Center","United States"
2024,88,"Uppsala University","Sweden"
2024,89,"Wuhan University","China"
2024,90,"Ghent University","Belgium"
2024,90,"King Saud University","Saudi Arabia"
2024,90,"Nanyang Technological University","Singapore"
2024,90,"University of Pittsburgh","United States"
2024,94,"Central South University","China"
2024,95,"University of Basel","Switzerland"
2024,95,"Xi'an Jiaotong University","China"
2024,97,"University of Bristol","United Kingdom"
2024,98,"Sichuan University","China"
2024,99,"University of Helsinki","Finland"
2024,100,"Purdue University - West Lafayette","United States"
2025,1,"Harvard University","United States"
2025,2,"Stanford University","United States"
2025,3,"Massachusetts Institute of Technology","United States"
2025,4,"University of Cambridge","United Kingdom"
2025,5,"University of California, Berkeley","United States"
2025,6,"University of Oxford","United Kingdom"
2025,7,"Princeton University","United States"
2025,8,"Columbia University","United States"
2025,9,"California Institute of Technology","United States"
2025,10,"University of Chicago","United States"
2025,11,"Yale University","United States"
2025,12,"Cornell University","United States"
2025,13,"Paris-Saclay University","France"
2025,14,"University College London","United Kingdom"
2025,14,"University of Pennsylvania","United States"
2025,16,"University of California, Los Angeles","United States"
2025,17,"University of Washington","United States"
2025,18,"Tsinghua University","China"
2025,19,"Johns Hopkins University","United States"
2025,20,"University of California, San Diego","United States"
2025,21,"University of California, San Francisco","United States"
2025,22,"ETH Zurich","Switzerland"
2025,23,"Peking University","China"
2025,24,"Zhejiang University","China"
2025,25,"University of Toronto","Canada"
2025,26,"Imperial College London","United Kingdom"
2025,26,"Washington University in St Louis","United States"
2025,28,"New York University","United States"
2025,29,"Rockefeller University","United States"
2025,30,"Shanghai Jiao Tong University","China"
2025,31,"Northwestern University","United States"
2025,31,"The University of Tokyo","Japan"
2025,33,"University of Michigan, Ann Arbor","United States"
2025,34,"PSL University","France"
2025,35,"University of Copenhagen","Denmark"
2025,36,"University of Wisconsin, Madison","United States"
2025,37,"The University of Edinburgh","United Kingdom"
2025,38,"The University of Melbourne","Australia"
2025,39,"University of North Carolina at Chapel Hill","United States"
2025,40,"University of Science and Technology of China","China"
2025,41,"Fudan University","China"
2025,42,"University of Munich","Germany"
2025,43,"Sorbonne University","France"
2025,44,"Swiss Federal Institute of Technology Lausanne","Switzerland"
2025,45,"Technical University of Munich","Germany"
2025,46,"Duke University","United States"
2025,46,"Kyoto University","Japan"
2025,46,"The University of Manchester","United Kingdom"
2025,49,"The University of Texas at Austin","United States"
2025,50,"Karolinska Institute","Sweden"
2025,51,"Heidelberg University","Germany"
2025,51,"University of Minnesota, Twin Cities","United States"
2025,53,"University of British Columbia","Canada"
2025,53,"University of Illinois Urbana, Champaign","United States"
2025,55,"University of Maryland, College Park","United States"
2025,56,"National University of Singapore","Singapore"
2025,56,"Utrecht University","Netherlands"
2025,58,"University of Geneva","Switzerland"
2025,58,"University of Texas Southwestern Medical Center","United States"
2025,60,"Université Paris Cité","France"
2025,61,"King's College London","United Kingdom"
2025,62,"University of Colorado Boulder","United States"
2025,62,"Vanderbilt University","United States"
2025,64,"University of Zurich","Switzerland"
2025,65,"Sun Yat-sen University","China"
2025,65,"The University of Queensland","Australia"
2025,67,"The University of Hong Kong","China-Hong Kong"
2025,68,"University of Bonn","Germany"
2025,68,"University of Southern California","United States"
2025,70,"University of California, Santa Barbara","United States"
2025,71,"Weizmann Institute of Science","Israel"
2025,72,"University of Sydney","Australia"
2025,73,"Huazhong University of Science and Technology","China"
2025,73,"University of Groningen","Netherlands"
2025,75,"Nanjing University","China"
2025,76,"KU Leuven","Belgium"
2025,76,"McGill University","Canada"
2025,76,"Monash University","Australia"
2025,79,"University of California, Irvine","United States"
2025,80,"The University of New South Wales","Australia"
2025,81,"Seoul National University","South Korea"
2025,81,"Wuhan University","China"
2025,83,"Ohio State University, Columbus","United States"
2025,83,"University of Oslo","Norway"
2025,85,"Aarhus University","Denmark"
2025,86,"The University of Texas MD Anderson Cancer Center","United States"
2025,87,"Sichuan University","China"
2025,88,"Nanyang Technological University","Singapore"
2025,88,"The Hebrew University of Jerusalem","Israel"
2025,88,"University of Pittsburgh","United States"
2025,91,"Ghent University","Belgium"
2025,92,"Xi'an Jiaotong University","China"
2025,93,"Uppsala University","Sweden"
2025,94,"University of Basel","Switzerland"
2025,94,"University of Helsinki","Finland"
2025,96,"Central South University","China"
2025,97,"Technion-Israel Institute of Technology","Israel"
2025,98,"University of Bristol","United Kingdom"
2025,99,"City University of Hong Kong","China-Hong Kong"
2025,100,"Stockholm University","Sweden"
